[NX Daemon Server] - 2025-05-16T04:14:21.606Z - Started listening on: \\.\pipe\nx\C:\Users\POUKAM~1\AppData\Local\Temp\7d770a1906f5a839f694\d.sock
[NX Daemon Server] - 2025-05-16T04:14:21.618Z - [WATCHER]: Subscribed to changes within: C:\easy-messe (native)
[NX Daemon Server] - 2025-05-16T04:14:21.622Z - Established a connection. Number of open connections: 1
[NX Daemon Server] - 2025-05-16T04:14:21.630Z - Closed a connection. Number of open connections: 0
[NX Daemon Server] - 2025-05-16T04:14:21.630Z - Established a connection. Number of open connections: 1
[NX Daemon Server] - 2025-05-16T04:14:21.637Z - [REQUEST]: Client Request for Project Graph Received
[NX Daemon Server] - 2025-05-16T04:14:22.090Z - [REQUEST]: Updated workspace context based on watched changes, recomputing project graph...
[NX Daemon Server] - 2025-05-16T04:14:22.091Z - [REQUEST]: 
[NX Daemon Server] - 2025-05-16T04:14:22.091Z - [REQUEST]: 
[NX Daemon Server] - 2025-05-16T04:14:43.380Z - [REQUEST]: Responding to the client. project-graph
[NX Daemon Server] - 2025-05-16T04:14:43.383Z - Time taken for 'total for creating and serializing project graph' 21742.834600000002ms
[NX Daemon Server] - 2025-05-16T04:14:43.385Z - Done responding to the client project-graph
[NX Daemon Server] - 2025-05-16T04:14:43.385Z - Handled REQUEST_PROJECT_GRAPH. Handling time: 21743. Response time: 5.
[NX Daemon Server] - 2025-05-16T04:14:43.401Z - Closed a connection. Number of open connections: 0
[NX Daemon Server] - 2025-05-16T04:14:54.753Z - Established a connection. Number of open connections: 1
[NX Daemon Server] - 2025-05-16T04:14:54.754Z - Closed a connection. Number of open connections: 0
[NX Daemon Server] - 2025-05-16T04:14:54.756Z - Established a connection. Number of open connections: 1
[NX Daemon Server] - 2025-05-16T04:14:54.761Z - [REQUEST]: Client Request for Project Graph Received
[NX Daemon Server] - 2025-05-16T04:14:54.763Z - [REQUEST]: Responding to the client. project-graph
[NX Daemon Server] - 2025-05-16T04:14:54.766Z - Time taken for 'total for creating and serializing project graph' 1.2269000000014785ms
[NX Daemon Server] - 2025-05-16T04:14:54.766Z - Done responding to the client project-graph
[NX Daemon Server] - 2025-05-16T04:14:54.766Z - Handled REQUEST_PROJECT_GRAPH. Handling time: 2. Response time: 3.
[NX Daemon Server] - 2025-05-16T04:14:54.921Z - [REQUEST]: Responding to the client. handleHashTasks
[NX Daemon Server] - 2025-05-16T04:14:54.921Z - Done responding to the client handleHashTasks
[NX Daemon Server] - 2025-05-16T04:14:54.921Z - Handled HASH_TASKS. Handling time: 34. Response time: 0.
[NX Daemon Server] - 2025-05-16T04:14:58.558Z - [WATCHER]: Processing file changes in outputs
[NX Daemon Server] - 2025-05-16T04:15:07.008Z - [WATCHER]: Processing file changes in outputs
[NX Daemon Server] - 2025-05-16T04:15:07.049Z - [REQUEST]: Responding to the client. recordOutputsHash
[NX Daemon Server] - 2025-05-16T04:15:07.049Z - Done responding to the client recordOutputsHash
[NX Daemon Server] - 2025-05-16T04:15:07.049Z - Handled RECORD_OUTPUTS_HASH. Handling time: 2. Response time: 1.
[NX Daemon Server] - 2025-05-16T04:15:07.699Z - Established a connection. Number of open connections: 2
[NX Daemon Server] - 2025-05-16T04:15:07.703Z - Closed a connection. Number of open connections: 1
[NX Daemon Server] - 2025-05-16T04:15:07.704Z - Established a connection. Number of open connections: 2
[NX Daemon Server] - 2025-05-16T04:15:07.710Z - [REQUEST]: Client Request for Project Graph Received
[NX Daemon Server] - 2025-05-16T04:15:07.711Z - [REQUEST]: Responding to the client. project-graph
[NX Daemon Server] - 2025-05-16T04:15:07.714Z - Time taken for 'total for creating and serializing project graph' 1.317300000002433ms
[NX Daemon Server] - 2025-05-16T04:15:07.714Z - Done responding to the client project-graph
[NX Daemon Server] - 2025-05-16T04:15:07.714Z - Handled REQUEST_PROJECT_GRAPH. Handling time: 1. Response time: 3.
[NX Daemon Server] - 2025-05-16T04:15:07.730Z - Established a connection. Number of open connections: 3
[NX Daemon Server] - 2025-05-16T04:15:08.430Z - Established a connection. Number of open connections: 4
[NX Daemon Server] - 2025-05-16T04:15:08.432Z - Closed a connection. Number of open connections: 3
[NX Daemon Server] - 2025-05-16T04:15:08.434Z - Established a connection. Number of open connections: 4
[NX Daemon Server] - 2025-05-16T04:15:08.439Z - [REQUEST]: Client Request for Project Graph Received
[NX Daemon Server] - 2025-05-16T04:15:08.440Z - [REQUEST]: Responding to the client. project-graph
[NX Daemon Server] - 2025-05-16T04:15:08.443Z - Time taken for 'total for creating and serializing project graph' 1.1985999999960768ms
[NX Daemon Server] - 2025-05-16T04:15:08.444Z - Done responding to the client project-graph
[NX Daemon Server] - 2025-05-16T04:15:08.444Z - Handled REQUEST_PROJECT_GRAPH. Handling time: 1. Response time: 4.
[NX Daemon Server] - 2025-05-16T04:15:08.812Z - [REQUEST]: Responding to the client. handleHashTasks
[NX Daemon Server] - 2025-05-16T04:15:08.812Z - Done responding to the client handleHashTasks
[NX Daemon Server] - 2025-05-16T04:15:08.812Z - Handled HASH_TASKS. Handling time: 21. Response time: 0.
[NX Daemon Server] - 2025-05-16T04:15:09.261Z - [REQUEST]: Responding to the client. outputsHashesMatch
[NX Daemon Server] - 2025-05-16T04:15:09.262Z - Done responding to the client outputsHashesMatch
[NX Daemon Server] - 2025-05-16T04:15:09.262Z - Handled OUTPUTS_HASHES_MATCH. Handling time: 1. Response time: 1.
[NX Daemon Server] - 2025-05-16T04:15:09.267Z - [REQUEST]: Responding to the client. recordOutputsHash
[NX Daemon Server] - 2025-05-16T04:15:09.267Z - Done responding to the client recordOutputsHash
[NX Daemon Server] - 2025-05-16T04:15:09.267Z - Handled RECORD_OUTPUTS_HASH. Handling time: 2. Response time: 0.
[NX Daemon Server] - 2025-05-16T04:15:10.491Z - [REQUEST]: Responding to the client. PROCESS_IN_BACKGROUND
[NX Daemon Server] - 2025-05-16T04:15:10.494Z - Uploading file artifacts
[NX Daemon Server] - 2025-05-16T04:15:10.495Z - Done uploading file artifacts
[NX Daemon Server] - 2025-05-16T04:15:10.496Z - Sending EndRun request
[NX Daemon Server] - 2025-05-16T04:15:10.502Z - Done responding to the client PROCESS_IN_BACKGROUND
[NX Daemon Server] - 2025-05-16T04:15:10.502Z - Handled PROCESS_IN_BACKGROUND. Handling time: 1042. Response time: 11.
[NX Daemon Server] - 2025-05-16T04:15:10.786Z - Closed a connection. Number of open connections: 3
[NX Daemon Server] - 2025-05-16T04:15:11.180Z - Error when sending EndRun
Error: This workspace is more than three days old and is not connected. Workspaces must be connected within 3 days of creation. Claim your workspace at https://cloud.nx.app
    at Timeout._onTimeout (C:\easy-messe\.nx\cache\cloud\2505.11.1.hotfix2\lib\daemon\process-run-end.js:1:908117)
    at processTicksAndRejections (node:internal/process/task_queues:95:5)
[NX Daemon Server] - 2025-05-16T04:20:12.124Z - [WATCHER]: apps/backend/src/prisma/seed.js was modified
[NX Daemon Server] - 2025-05-16T04:20:12.129Z - [REQUEST]: Responding to the client. File watch changed
[NX Daemon Server] - 2025-05-16T04:20:12.130Z - [WATCHER]: Processing file changes in outputs
[NX Daemon Server] - 2025-05-16T04:20:12.130Z - Time taken for 'changed-projects' 1.4746000000159256ms
[NX Daemon Server] - 2025-05-16T04:20:12.133Z - Done responding to the client File watch changed
[NX Daemon Server] - 2025-05-16T04:20:12.134Z - Handled FILE-WATCH-CHANGED. Handling time: 0. Response time: 5.
[NX Daemon Server] - 2025-05-16T04:20:12.232Z - [REQUEST]: Updated workspace context based on watched changes, recomputing project graph...
[NX Daemon Server] - 2025-05-16T04:20:12.232Z - [REQUEST]: apps/backend/src/prisma/seed.js
[NX Daemon Server] - 2025-05-16T04:20:12.232Z - [REQUEST]: 
[NX Daemon Server] - 2025-05-16T04:20:14.401Z - Established a connection. Number of open connections: 4
[NX Daemon Server] - 2025-05-16T04:20:14.401Z - Established a connection. Number of open connections: 5
[NX Daemon Server] - 2025-05-16T04:20:14.403Z - Time taken for 'hash changed files from watcher' 0.719600000011269ms
[NX Daemon Server] - 2025-05-16T04:20:14.403Z - Closed a connection. Number of open connections: 4
[NX Daemon Server] - 2025-05-16T04:20:14.406Z - [REQUEST]: Client Request for Project Graph Received
[NX Daemon Server] - 2025-05-16T04:20:14.407Z - [REQUEST]: Responding to the client. project-graph
[NX Daemon Server] - 2025-05-16T04:20:14.410Z - Time taken for 'total for creating and serializing project graph' 1.1007999999565072ms
[NX Daemon Server] - 2025-05-16T04:20:14.410Z - Done responding to the client project-graph
[NX Daemon Server] - 2025-05-16T04:20:14.410Z - Handled REQUEST_PROJECT_GRAPH. Handling time: 1. Response time: 3.
[NX Daemon Server] - 2025-05-16T04:20:14.757Z - [REQUEST]: Responding to the client. handleHashTasks
[NX Daemon Server] - 2025-05-16T04:20:14.757Z - Done responding to the client handleHashTasks
[NX Daemon Server] - 2025-05-16T04:20:14.757Z - Handled HASH_TASKS. Handling time: 56. Response time: 0.
[NX Daemon Server] - 2025-05-16T04:20:19.827Z - [WATCHER]: Processing file changes in outputs
[NX Daemon Server] - 2025-05-16T04:20:32.897Z - [WATCHER]: Processing file changes in outputs
[NX Daemon Server] - 2025-05-16T04:20:33.041Z - [REQUEST]: Responding to the client. recordOutputsHash
[NX Daemon Server] - 2025-05-16T04:20:33.042Z - Done responding to the client recordOutputsHash
[NX Daemon Server] - 2025-05-16T04:20:33.042Z - Handled RECORD_OUTPUTS_HASH. Handling time: 1. Response time: 1.
[NX Daemon Server] - 2025-05-16T04:20:34.592Z - [REQUEST]: Responding to the client. PROCESS_IN_BACKGROUND
[NX Daemon Server] - 2025-05-16T04:20:34.594Z - Uploading file artifacts
[NX Daemon Server] - 2025-05-16T04:20:34.594Z - Done uploading file artifacts
[NX Daemon Server] - 2025-05-16T04:20:34.595Z - Sending EndRun request
[NX Daemon Server] - 2025-05-16T04:20:34.602Z - Done responding to the client PROCESS_IN_BACKGROUND
[NX Daemon Server] - 2025-05-16T04:20:34.602Z - Handled PROCESS_IN_BACKGROUND. Handling time: 923. Response time: 10.
[NX Daemon Server] - 2025-05-16T04:20:34.778Z - Closed a connection. Number of open connections: 3
[NX Daemon Server] - 2025-05-16T04:20:35.192Z - Error when sending EndRun
Error: This workspace is more than three days old and is not connected. Workspaces must be connected within 3 days of creation. Claim your workspace at https://cloud.nx.app
    at Timeout._onTimeout (C:\easy-messe\.nx\cache\cloud\2505.11.1.hotfix2\lib\daemon\process-run-end.js:1:908117)
    at processTicksAndRejections (node:internal/process/task_queues:95:5)
[NX Daemon Server] - 2025-05-16T04:21:11.463Z - [WATCHER]: apps/backend/src/parish/parish.service.ts was modified
[NX Daemon Server] - 2025-05-16T04:21:11.464Z - [REQUEST]: Responding to the client. File watch changed
[NX Daemon Server] - 2025-05-16T04:21:11.464Z - [WATCHER]: Processing file changes in outputs
[NX Daemon Server] - 2025-05-16T04:21:11.465Z - Time taken for 'changed-projects' 0.2502000000094995ms
[NX Daemon Server] - 2025-05-16T04:21:11.465Z - Done responding to the client File watch changed
[NX Daemon Server] - 2025-05-16T04:21:11.466Z - Handled FILE-WATCH-CHANGED. Handling time: 0. Response time: 2.
[NX Daemon Server] - 2025-05-16T04:21:11.574Z - [REQUEST]: Updated workspace context based on watched changes, recomputing project graph...
[NX Daemon Server] - 2025-05-16T04:21:11.574Z - [REQUEST]: apps/backend/src/parish/parish.service.ts
[NX Daemon Server] - 2025-05-16T04:21:11.574Z - [REQUEST]: 
[NX Daemon Server] - 2025-05-16T04:21:13.520Z - Established a connection. Number of open connections: 4
[NX Daemon Server] - 2025-05-16T04:21:13.521Z - Established a connection. Number of open connections: 5
[NX Daemon Server] - 2025-05-16T04:21:13.522Z - Time taken for 'hash changed files from watcher' 0.7906999999540858ms
[NX Daemon Server] - 2025-05-16T04:21:13.522Z - Closed a connection. Number of open connections: 4
[NX Daemon Server] - 2025-05-16T04:21:13.524Z - [REQUEST]: Client Request for Project Graph Received
[NX Daemon Server] - 2025-05-16T04:21:13.526Z - [REQUEST]: Responding to the client. project-graph
[NX Daemon Server] - 2025-05-16T04:21:13.529Z - Time taken for 'total for creating and serializing project graph' 1.6537999999709427ms
[NX Daemon Server] - 2025-05-16T04:21:13.529Z - Done responding to the client project-graph
[NX Daemon Server] - 2025-05-16T04:21:13.529Z - Handled REQUEST_PROJECT_GRAPH. Handling time: 2. Response time: 3.
[NX Daemon Server] - 2025-05-16T04:21:13.893Z - [REQUEST]: Responding to the client. handleHashTasks
[NX Daemon Server] - 2025-05-16T04:21:13.894Z - Done responding to the client handleHashTasks
[NX Daemon Server] - 2025-05-16T04:21:13.894Z - Handled HASH_TASKS. Handling time: 61. Response time: 1.
[NX Daemon Server] - 2025-05-16T04:21:17.944Z - [WATCHER]: Processing file changes in outputs
[NX Daemon Server] - 2025-05-16T04:21:26.830Z - [WATCHER]: Processing file changes in outputs
[NX Daemon Server] - 2025-05-16T04:21:26.879Z - [REQUEST]: Responding to the client. recordOutputsHash
[NX Daemon Server] - 2025-05-16T04:21:26.879Z - Done responding to the client recordOutputsHash
[NX Daemon Server] - 2025-05-16T04:21:26.879Z - Handled RECORD_OUTPUTS_HASH. Handling time: 1. Response time: 0.
[NX Daemon Server] - 2025-05-16T04:21:27.666Z - [REQUEST]: Responding to the client. PROCESS_IN_BACKGROUND
[NX Daemon Server] - 2025-05-16T04:21:27.667Z - Uploading file artifacts
[NX Daemon Server] - 2025-05-16T04:21:27.669Z - Done uploading file artifacts
[NX Daemon Server] - 2025-05-16T04:21:27.671Z - Sending EndRun request
[NX Daemon Server] - 2025-05-16T04:21:27.686Z - Done responding to the client PROCESS_IN_BACKGROUND
[NX Daemon Server] - 2025-05-16T04:21:27.687Z - Handled PROCESS_IN_BACKGROUND. Handling time: 546. Response time: 21.
[NX Daemon Server] - 2025-05-16T04:21:27.952Z - Closed a connection. Number of open connections: 3
[NX Daemon Server] - 2025-05-16T04:21:28.272Z - Error when sending EndRun
Error: This workspace is more than three days old and is not connected. Workspaces must be connected within 3 days of creation. Claim your workspace at https://cloud.nx.app
    at Timeout._onTimeout (C:\easy-messe\.nx\cache\cloud\2505.11.1.hotfix2\lib\daemon\process-run-end.js:1:908117)
    at processTicksAndRejections (node:internal/process/task_queues:95:5)
[NX Daemon Server] - 2025-05-16T04:26:24.884Z - [WATCHER]: Processing file changes in outputs
[NX Daemon Server] - 2025-05-16T04:26:24.889Z - [WATCHER]: apps/backend/src/parish/dto/signupParish.dto.ts was modified
[NX Daemon Server] - 2025-05-16T04:26:24.891Z - [REQUEST]: Responding to the client. File watch changed
[NX Daemon Server] - 2025-05-16T04:26:24.892Z - Time taken for 'changed-projects' 0.7389999999431893ms
[NX Daemon Server] - 2025-05-16T04:26:24.892Z - Done responding to the client File watch changed
[NX Daemon Server] - 2025-05-16T04:26:24.892Z - Handled FILE-WATCH-CHANGED. Handling time: 0. Response time: 1.
[NX Daemon Server] - 2025-05-16T04:26:24.996Z - [REQUEST]: Updated workspace context based on watched changes, recomputing project graph...
[NX Daemon Server] - 2025-05-16T04:26:24.996Z - [REQUEST]: apps/backend/src/parish/dto/signupParish.dto.ts
[NX Daemon Server] - 2025-05-16T04:26:24.996Z - [REQUEST]: 
[NX Daemon Server] - 2025-05-16T04:26:26.841Z - Established a connection. Number of open connections: 4
[NX Daemon Server] - 2025-05-16T04:26:26.841Z - Established a connection. Number of open connections: 5
[NX Daemon Server] - 2025-05-16T04:26:26.842Z - Time taken for 'hash changed files from watcher' 1.0731999999843538ms
[NX Daemon Server] - 2025-05-16T04:26:26.843Z - Closed a connection. Number of open connections: 4
[NX Daemon Server] - 2025-05-16T04:26:26.845Z - [REQUEST]: Client Request for Project Graph Received
[NX Daemon Server] - 2025-05-16T04:26:26.846Z - [REQUEST]: Responding to the client. project-graph
[NX Daemon Server] - 2025-05-16T04:26:26.849Z - Time taken for 'total for creating and serializing project graph' 1.0683999999891967ms
[NX Daemon Server] - 2025-05-16T04:26:26.849Z - Done responding to the client project-graph
[NX Daemon Server] - 2025-05-16T04:26:26.849Z - Handled REQUEST_PROJECT_GRAPH. Handling time: 1. Response time: 3.
[NX Daemon Server] - 2025-05-16T04:26:27.325Z - [REQUEST]: Responding to the client. handleHashTasks
[NX Daemon Server] - 2025-05-16T04:26:27.708Z - Done responding to the client handleHashTasks
[NX Daemon Server] - 2025-05-16T04:26:27.709Z - Handled HASH_TASKS. Handling time: 164. Response time: 384.
[NX Daemon Server] - 2025-05-16T04:26:31.250Z - [WATCHER]: Processing file changes in outputs
[NX Daemon Server] - 2025-05-16T04:26:41.545Z - [WATCHER]: Processing file changes in outputs
[NX Daemon Server] - 2025-05-16T04:26:41.604Z - [REQUEST]: Responding to the client. recordOutputsHash
[NX Daemon Server] - 2025-05-16T04:26:41.604Z - Done responding to the client recordOutputsHash
[NX Daemon Server] - 2025-05-16T04:26:41.604Z - Handled RECORD_OUTPUTS_HASH. Handling time: 2. Response time: 0.
[NX Daemon Server] - 2025-05-16T04:26:42.447Z - [REQUEST]: Responding to the client. PROCESS_IN_BACKGROUND
[NX Daemon Server] - 2025-05-16T04:26:42.455Z - Uploading file artifacts
[NX Daemon Server] - 2025-05-16T04:26:42.456Z - Done uploading file artifacts
[NX Daemon Server] - 2025-05-16T04:26:42.459Z - Sending EndRun request
[NX Daemon Server] - 2025-05-16T04:26:42.464Z - Done responding to the client PROCESS_IN_BACKGROUND
[NX Daemon Server] - 2025-05-16T04:26:42.464Z - Handled PROCESS_IN_BACKGROUND. Handling time: 608. Response time: 17.
[NX Daemon Server] - 2025-05-16T04:26:42.603Z - Closed a connection. Number of open connections: 3
[NX Daemon Server] - 2025-05-16T04:26:42.999Z - Error when sending EndRun
Error: This workspace is more than three days old and is not connected. Workspaces must be connected within 3 days of creation. Claim your workspace at https://cloud.nx.app
    at Timeout._onTimeout (C:\easy-messe\.nx\cache\cloud\2505.11.1.hotfix2\lib\daemon\process-run-end.js:1:908117)
    at processTicksAndRejections (node:internal/process/task_queues:95:5)
[NX Daemon Server] - 2025-05-16T04:28:11.348Z - [WATCHER]: apps/backend/src/prisma/schema.prisma was modified
[NX Daemon Server] - 2025-05-16T04:28:11.349Z - [REQUEST]: Responding to the client. File watch changed
[NX Daemon Server] - 2025-05-16T04:28:11.350Z - [WATCHER]: Processing file changes in outputs
[NX Daemon Server] - 2025-05-16T04:28:11.350Z - Time taken for 'changed-projects' 0.16619999997783452ms
[NX Daemon Server] - 2025-05-16T04:28:11.350Z - Done responding to the client File watch changed
[NX Daemon Server] - 2025-05-16T04:28:11.351Z - Handled FILE-WATCH-CHANGED. Handling time: 0. Response time: 2.
[NX Daemon Server] - 2025-05-16T04:28:11.505Z - [REQUEST]: Updated workspace context based on watched changes, recomputing project graph...
[NX Daemon Server] - 2025-05-16T04:28:11.505Z - [REQUEST]: apps/backend/src/prisma/schema.prisma
[NX Daemon Server] - 2025-05-16T04:28:11.505Z - [REQUEST]: 
[NX Daemon Server] - 2025-05-16T04:28:14.545Z - Time taken for 'hash changed files from watcher' 1.020299999974668ms
[NX Daemon Server] - 2025-05-16T04:28:14.649Z - Established a connection. Number of open connections: 4
[NX Daemon Server] - 2025-05-16T04:28:14.651Z - Closed a connection. Number of open connections: 3
[NX Daemon Server] - 2025-05-16T04:28:14.652Z - Established a connection. Number of open connections: 4
[NX Daemon Server] - 2025-05-16T04:28:14.658Z - [REQUEST]: Client Request for Project Graph Received
[NX Daemon Server] - 2025-05-16T04:28:14.659Z - [REQUEST]: Responding to the client. project-graph
[NX Daemon Server] - 2025-05-16T04:28:14.662Z - Time taken for 'total for creating and serializing project graph' 1.1177000000607222ms
[NX Daemon Server] - 2025-05-16T04:28:14.663Z - Done responding to the client project-graph
[NX Daemon Server] - 2025-05-16T04:28:14.663Z - Handled REQUEST_PROJECT_GRAPH. Handling time: 1. Response time: 4.
[NX Daemon Server] - 2025-05-16T04:28:15.001Z - [REQUEST]: Responding to the client. handleHashTasks
[NX Daemon Server] - 2025-05-16T04:28:15.002Z - Done responding to the client handleHashTasks
[NX Daemon Server] - 2025-05-16T04:28:15.002Z - Handled HASH_TASKS. Handling time: 66. Response time: 1.
[NX Daemon Server] - 2025-05-16T04:28:19.455Z - [WATCHER]: Processing file changes in outputs
[NX Daemon Server] - 2025-05-16T04:28:29.810Z - [WATCHER]: Processing file changes in outputs
[NX Daemon Server] - 2025-05-16T04:28:29.866Z - [REQUEST]: Responding to the client. recordOutputsHash
[NX Daemon Server] - 2025-05-16T04:28:29.866Z - Done responding to the client recordOutputsHash
[NX Daemon Server] - 2025-05-16T04:28:29.866Z - Handled RECORD_OUTPUTS_HASH. Handling time: 1. Response time: 0.
[NX Daemon Server] - 2025-05-16T04:28:30.699Z - [REQUEST]: Responding to the client. PROCESS_IN_BACKGROUND
[NX Daemon Server] - 2025-05-16T04:28:30.714Z - Uploading file artifacts
[NX Daemon Server] - 2025-05-16T04:28:30.725Z - Done uploading file artifacts
[NX Daemon Server] - 2025-05-16T04:28:30.727Z - Sending EndRun request
[NX Daemon Server] - 2025-05-16T04:28:30.736Z - Done responding to the client PROCESS_IN_BACKGROUND
[NX Daemon Server] - 2025-05-16T04:28:30.737Z - Handled PROCESS_IN_BACKGROUND. Handling time: 588. Response time: 38.
[NX Daemon Server] - 2025-05-16T04:28:30.838Z - Closed a connection. Number of open connections: 3
[NX Daemon Server] - 2025-05-16T04:28:31.279Z - Error when sending EndRun
Error: This workspace is more than three days old and is not connected. Workspaces must be connected within 3 days of creation. Claim your workspace at https://cloud.nx.app
    at Timeout._onTimeout (C:\easy-messe\.nx\cache\cloud\2505.11.1.hotfix2\lib\daemon\process-run-end.js:1:908117)
    at processTicksAndRejections (node:internal/process/task_queues:95:5)
[NX Daemon Server] - 2025-05-16T04:29:17.125Z - [WATCHER]: apps/backend/src/parish/parish.service.ts was modified
[NX Daemon Server] - 2025-05-16T04:29:17.131Z - [REQUEST]: Responding to the client. File watch changed
[NX Daemon Server] - 2025-05-16T04:29:17.134Z - [WATCHER]: Processing file changes in outputs
[NX Daemon Server] - 2025-05-16T04:29:17.134Z - Time taken for 'changed-projects' 2.4822999999159947ms
[NX Daemon Server] - 2025-05-16T04:29:17.135Z - Done responding to the client File watch changed
[NX Daemon Server] - 2025-05-16T04:29:17.135Z - Handled FILE-WATCH-CHANGED. Handling time: 1. Response time: 4.
[NX Daemon Server] - 2025-05-16T04:29:17.241Z - [REQUEST]: Updated workspace context based on watched changes, recomputing project graph...
[NX Daemon Server] - 2025-05-16T04:29:17.241Z - [REQUEST]: apps/backend/src/parish/parish.service.ts
[NX Daemon Server] - 2025-05-16T04:29:17.241Z - [REQUEST]: 
[NX Daemon Server] - 2025-05-16T04:29:19.044Z - Established a connection. Number of open connections: 4
[NX Daemon Server] - 2025-05-16T04:29:19.044Z - Established a connection. Number of open connections: 5
[NX Daemon Server] - 2025-05-16T04:29:19.045Z - Time taken for 'hash changed files from watcher' 1.0217000000411645ms
[NX Daemon Server] - 2025-05-16T04:29:19.046Z - Closed a connection. Number of open connections: 4
[NX Daemon Server] - 2025-05-16T04:29:19.049Z - [REQUEST]: Client Request for Project Graph Received
[NX Daemon Server] - 2025-05-16T04:29:19.051Z - [REQUEST]: Responding to the client. project-graph
[NX Daemon Server] - 2025-05-16T04:29:19.054Z - Time taken for 'total for creating and serializing project graph' 1.113300000084564ms
[NX Daemon Server] - 2025-05-16T04:29:19.054Z - Done responding to the client project-graph
[NX Daemon Server] - 2025-05-16T04:29:19.054Z - Handled REQUEST_PROJECT_GRAPH. Handling time: 2. Response time: 3.
[NX Daemon Server] - 2025-05-16T04:29:19.376Z - [REQUEST]: Responding to the client. handleHashTasks
[NX Daemon Server] - 2025-05-16T04:29:19.376Z - Done responding to the client handleHashTasks
[NX Daemon Server] - 2025-05-16T04:29:19.376Z - Handled HASH_TASKS. Handling time: 51. Response time: 0.
[NX Daemon Server] - 2025-05-16T04:29:23.187Z - [WATCHER]: Processing file changes in outputs
[NX Daemon Server] - 2025-05-16T04:29:25.109Z - [WATCHER]: apps/backend/src/parish/parish.service.ts was modified
[NX Daemon Server] - 2025-05-16T04:29:25.112Z - [REQUEST]: Responding to the client. File watch changed
[NX Daemon Server] - 2025-05-16T04:29:25.119Z - [WATCHER]: Processing file changes in outputs
[NX Daemon Server] - 2025-05-16T04:29:25.119Z - Time taken for 'changed-projects' 1.7235000000800937ms
[NX Daemon Server] - 2025-05-16T04:29:25.119Z - Done responding to the client File watch changed
[NX Daemon Server] - 2025-05-16T04:29:25.119Z - Handled FILE-WATCH-CHANGED. Handling time: 0. Response time: 7.
[NX Daemon Server] - 2025-05-16T04:29:25.240Z - [REQUEST]: Updated workspace context based on watched changes, recomputing project graph...
[NX Daemon Server] - 2025-05-16T04:29:25.240Z - [REQUEST]: apps/backend/src/parish/parish.service.ts
[NX Daemon Server] - 2025-05-16T04:29:25.240Z - [REQUEST]: 
[NX Daemon Server] - 2025-05-16T04:29:26.001Z - Time taken for 'hash changed files from watcher' 1.10640000004787ms
[NX Daemon Server] - 2025-05-16T04:29:27.159Z - [REQUEST]: Responding to the client. recordOutputsHash
[NX Daemon Server] - 2025-05-16T04:29:27.160Z - Done responding to the client recordOutputsHash
[NX Daemon Server] - 2025-05-16T04:29:27.160Z - Handled RECORD_OUTPUTS_HASH. Handling time: 35. Response time: 1.
[NX Daemon Server] - 2025-05-16T04:29:27.168Z - Closed a connection. Number of open connections: 3
[NX Daemon Server] - 2025-05-16T04:29:27.602Z - Established a connection. Number of open connections: 4
[NX Daemon Server] - 2025-05-16T04:29:27.604Z - Closed a connection. Number of open connections: 3
[NX Daemon Server] - 2025-05-16T04:29:27.607Z - Established a connection. Number of open connections: 4
[NX Daemon Server] - 2025-05-16T04:29:27.616Z - [REQUEST]: Client Request for Project Graph Received
[NX Daemon Server] - 2025-05-16T04:29:27.618Z - [REQUEST]: Responding to the client. project-graph
[NX Daemon Server] - 2025-05-16T04:29:27.621Z - Time taken for 'total for creating and serializing project graph' 1.3244999999878928ms
[NX Daemon Server] - 2025-05-16T04:29:27.621Z - Done responding to the client project-graph
[NX Daemon Server] - 2025-05-16T04:29:27.621Z - Handled REQUEST_PROJECT_GRAPH. Handling time: 2. Response time: 3.
[NX Daemon Server] - 2025-05-16T04:29:27.872Z - [REQUEST]: Responding to the client. handleHashTasks
[NX Daemon Server] - 2025-05-16T04:29:27.873Z - Done responding to the client handleHashTasks
[NX Daemon Server] - 2025-05-16T04:29:27.873Z - Handled HASH_TASKS. Handling time: 45. Response time: 1.
[NX Daemon Server] - 2025-05-16T04:29:39.622Z - [WATCHER]: Processing file changes in outputs
[NX Daemon Server] - 2025-05-16T04:29:39.668Z - [REQUEST]: Responding to the client. recordOutputsHash
[NX Daemon Server] - 2025-05-16T04:29:39.669Z - Done responding to the client recordOutputsHash
[NX Daemon Server] - 2025-05-16T04:29:39.669Z - Handled RECORD_OUTPUTS_HASH. Handling time: 1. Response time: 1.
[NX Daemon Server] - 2025-05-16T04:29:40.397Z - [REQUEST]: Responding to the client. PROCESS_IN_BACKGROUND
[NX Daemon Server] - 2025-05-16T04:29:40.399Z - Uploading file artifacts
[NX Daemon Server] - 2025-05-16T04:29:40.399Z - Done uploading file artifacts
[NX Daemon Server] - 2025-05-16T04:29:40.401Z - Sending EndRun request
[NX Daemon Server] - 2025-05-16T04:29:40.411Z - Done responding to the client PROCESS_IN_BACKGROUND
[NX Daemon Server] - 2025-05-16T04:29:40.412Z - Handled PROCESS_IN_BACKGROUND. Handling time: 488. Response time: 15.
[NX Daemon Server] - 2025-05-16T04:29:40.494Z - Closed a connection. Number of open connections: 3
[NX Daemon Server] - 2025-05-16T04:29:40.957Z - Error when sending EndRun
Error: This workspace is more than three days old and is not connected. Workspaces must be connected within 3 days of creation. Claim your workspace at https://cloud.nx.app
    at Timeout._onTimeout (C:\easy-messe\.nx\cache\cloud\2505.11.1.hotfix2\lib\daemon\process-run-end.js:1:908117)
    at processTicksAndRejections (node:internal/process/task_queues:95:5)
[NX Daemon Server] - 2025-05-16T04:30:42.213Z - Closed a connection. Number of open connections: 2
[NX Daemon Server] - 2025-05-16T04:30:42.214Z - Closed a connection. Number of open connections: 1
[NX Daemon Server] - 2025-05-16T04:30:42.240Z - Closed a connection. Number of open connections: 0
[NX Daemon Server] - 2025-05-16T04:30:56.041Z - Established a connection. Number of open connections: 1
[NX Daemon Server] - 2025-05-16T04:30:56.041Z - Closed a connection. Number of open connections: 0
[NX Daemon Server] - 2025-05-16T04:30:56.043Z - Established a connection. Number of open connections: 1
[NX Daemon Server] - 2025-05-16T04:30:56.047Z - [REQUEST]: Client Request for Project Graph Received
[NX Daemon Server] - 2025-05-16T04:30:56.047Z - [REQUEST]: Responding to the client. project-graph
[NX Daemon Server] - 2025-05-16T04:30:56.049Z - Time taken for 'total for creating and serializing project graph' 0.7859000000171363ms
[NX Daemon Server] - 2025-05-16T04:30:56.050Z - Done responding to the client project-graph
[NX Daemon Server] - 2025-05-16T04:30:56.050Z - Handled REQUEST_PROJECT_GRAPH. Handling time: 1. Response time: 3.
[NX Daemon Server] - 2025-05-16T04:30:56.068Z - Closed a connection. Number of open connections: 0
[NX Daemon Server] - 2025-05-16T04:32:02.753Z - [WATCHER]: Processing file changes in outputs
[NX Daemon Server] - 2025-05-16T04:32:02.759Z - [WATCHER]: apps/backend/src/parish/parish.service.ts was modified
[NX Daemon Server] - 2025-05-16T04:32:02.880Z - [REQUEST]: Updated workspace context based on watched changes, recomputing project graph...
[NX Daemon Server] - 2025-05-16T04:32:02.880Z - [REQUEST]: apps/backend/src/parish/parish.service.ts
[NX Daemon Server] - 2025-05-16T04:32:02.880Z - [REQUEST]: 
[NX Daemon Server] - 2025-05-16T04:32:05.888Z - Time taken for 'hash changed files from watcher' 0.9557000000495464ms
[NX Daemon Server] - 2025-05-16T04:32:10.282Z - Established a connection. Number of open connections: 1
[NX Daemon Server] - 2025-05-16T04:32:10.284Z - Closed a connection. Number of open connections: 0
[NX Daemon Server] - 2025-05-16T04:32:10.303Z - Established a connection. Number of open connections: 1
[NX Daemon Server] - 2025-05-16T04:32:10.320Z - [REQUEST]: Client Request for Project Graph Received
[NX Daemon Server] - 2025-05-16T04:32:10.321Z - [REQUEST]: Responding to the client. project-graph
[NX Daemon Server] - 2025-05-16T04:32:10.324Z - Time taken for 'total for creating and serializing project graph' 1.1600000001490116ms
[NX Daemon Server] - 2025-05-16T04:32:10.325Z - Done responding to the client project-graph
[NX Daemon Server] - 2025-05-16T04:32:10.325Z - Handled REQUEST_PROJECT_GRAPH. Handling time: 1. Response time: 4.
[NX Daemon Server] - 2025-05-16T04:32:10.749Z - [REQUEST]: Responding to the client. handleHashTasks
[NX Daemon Server] - 2025-05-16T04:32:10.750Z - Done responding to the client handleHashTasks
[NX Daemon Server] - 2025-05-16T04:32:10.750Z - Handled HASH_TASKS. Handling time: 69. Response time: 1.
[NX Daemon Server] - 2025-05-16T04:32:18.363Z - [WATCHER]: Processing file changes in outputs
[NX Daemon Server] - 2025-05-16T04:32:29.914Z - [WATCHER]: Processing file changes in outputs
[NX Daemon Server] - 2025-05-16T04:32:30.092Z - [REQUEST]: Responding to the client. recordOutputsHash
[NX Daemon Server] - 2025-05-16T04:32:30.092Z - Done responding to the client recordOutputsHash
[NX Daemon Server] - 2025-05-16T04:32:30.092Z - Handled RECORD_OUTPUTS_HASH. Handling time: 2. Response time: 0.
[NX Daemon Server] - 2025-05-16T04:32:31.579Z - Established a connection. Number of open connections: 2
[NX Daemon Server] - 2025-05-16T04:32:31.584Z - Closed a connection. Number of open connections: 1
[NX Daemon Server] - 2025-05-16T04:32:31.586Z - Established a connection. Number of open connections: 2
[NX Daemon Server] - 2025-05-16T04:32:31.600Z - [REQUEST]: Client Request for Project Graph Received
[NX Daemon Server] - 2025-05-16T04:32:31.601Z - [REQUEST]: Responding to the client. project-graph
[NX Daemon Server] - 2025-05-16T04:32:31.603Z - Time taken for 'total for creating and serializing project graph' 0.9406000000890344ms
[NX Daemon Server] - 2025-05-16T04:32:31.603Z - Done responding to the client project-graph
[NX Daemon Server] - 2025-05-16T04:32:31.603Z - Handled REQUEST_PROJECT_GRAPH. Handling time: 1. Response time: 2.
[NX Daemon Server] - 2025-05-16T04:32:31.616Z - Established a connection. Number of open connections: 3
[NX Daemon Server] - 2025-05-16T04:32:32.514Z - Established a connection. Number of open connections: 4
[NX Daemon Server] - 2025-05-16T04:32:32.515Z - Closed a connection. Number of open connections: 3
[NX Daemon Server] - 2025-05-16T04:32:32.517Z - Established a connection. Number of open connections: 4
[NX Daemon Server] - 2025-05-16T04:32:32.520Z - [REQUEST]: Client Request for Project Graph Received
[NX Daemon Server] - 2025-05-16T04:32:32.521Z - [REQUEST]: Responding to the client. project-graph
[NX Daemon Server] - 2025-05-16T04:32:32.523Z - Time taken for 'total for creating and serializing project graph' 0.815900000045076ms
[NX Daemon Server] - 2025-05-16T04:32:32.523Z - Done responding to the client project-graph
[NX Daemon Server] - 2025-05-16T04:32:32.524Z - Handled REQUEST_PROJECT_GRAPH. Handling time: 1. Response time: 3.
[NX Daemon Server] - 2025-05-16T04:32:32.668Z - [REQUEST]: Responding to the client. handleHashTasks
[NX Daemon Server] - 2025-05-16T04:32:32.668Z - Done responding to the client handleHashTasks
[NX Daemon Server] - 2025-05-16T04:32:32.668Z - Handled HASH_TASKS. Handling time: 22. Response time: 0.
[NX Daemon Server] - 2025-05-16T04:32:33.318Z - [REQUEST]: Responding to the client. outputsHashesMatch
[NX Daemon Server] - 2025-05-16T04:32:33.318Z - Done responding to the client outputsHashesMatch
[NX Daemon Server] - 2025-05-16T04:32:33.318Z - Handled OUTPUTS_HASHES_MATCH. Handling time: 2. Response time: 0.
[NX Daemon Server] - 2025-05-16T04:32:33.324Z - [REQUEST]: Responding to the client. recordOutputsHash
[NX Daemon Server] - 2025-05-16T04:32:33.325Z - Done responding to the client recordOutputsHash
[NX Daemon Server] - 2025-05-16T04:32:33.325Z - Handled RECORD_OUTPUTS_HASH. Handling time: 1. Response time: 1.
[NX Daemon Server] - 2025-05-16T04:32:34.447Z - [REQUEST]: Responding to the client. PROCESS_IN_BACKGROUND
[NX Daemon Server] - 2025-05-16T04:32:34.448Z - Uploading file artifacts
[NX Daemon Server] - 2025-05-16T04:32:34.448Z - Done uploading file artifacts
[NX Daemon Server] - 2025-05-16T04:32:34.449Z - Sending EndRun request
[NX Daemon Server] - 2025-05-16T04:32:34.452Z - Done responding to the client PROCESS_IN_BACKGROUND
[NX Daemon Server] - 2025-05-16T04:32:34.452Z - Handled PROCESS_IN_BACKGROUND. Handling time: 531. Response time: 5.
[NX Daemon Server] - 2025-05-16T04:32:34.523Z - Closed a connection. Number of open connections: 3
[NX Daemon Server] - 2025-05-16T04:32:34.995Z - Error when sending EndRun
Error: This workspace is more than three days old and is not connected. Workspaces must be connected within 3 days of creation. Claim your workspace at https://cloud.nx.app
    at Timeout._onTimeout (C:\easy-messe\.nx\cache\cloud\2505.11.1.hotfix2\lib\daemon\process-run-end.js:1:908117)
    at processTicksAndRejections (node:internal/process/task_queues:95:5)
[NX Daemon Server] - 2025-05-16T04:34:39.528Z - [WATCHER]: apps/backend/src/prisma/seed.js was modified
[NX Daemon Server] - 2025-05-16T04:34:39.529Z - [REQUEST]: Responding to the client. File watch changed
[NX Daemon Server] - 2025-05-16T04:34:39.529Z - [WATCHER]: Processing file changes in outputs
[NX Daemon Server] - 2025-05-16T04:34:39.530Z - Time taken for 'changed-projects' 0.16800000006332994ms
[NX Daemon Server] - 2025-05-16T04:34:39.530Z - Done responding to the client File watch changed
[NX Daemon Server] - 2025-05-16T04:34:39.530Z - Handled FILE-WATCH-CHANGED. Handling time: 0. Response time: 1.
[NX Daemon Server] - 2025-05-16T04:34:39.636Z - [REQUEST]: Updated workspace context based on watched changes, recomputing project graph...
[NX Daemon Server] - 2025-05-16T04:34:39.636Z - [REQUEST]: apps/backend/src/prisma/seed.js
[NX Daemon Server] - 2025-05-16T04:34:39.637Z - [REQUEST]: 
[NX Daemon Server] - 2025-05-16T04:34:41.514Z - Established a connection. Number of open connections: 4
[NX Daemon Server] - 2025-05-16T04:34:41.515Z - Established a connection. Number of open connections: 5
[NX Daemon Server] - 2025-05-16T04:34:41.525Z - Time taken for 'hash changed files from watcher' 0.8405000001657754ms
[NX Daemon Server] - 2025-05-16T04:34:41.525Z - Closed a connection. Number of open connections: 4
[NX Daemon Server] - 2025-05-16T04:34:41.527Z - [REQUEST]: Client Request for Project Graph Received
[NX Daemon Server] - 2025-05-16T04:34:41.528Z - [REQUEST]: Responding to the client. project-graph
[NX Daemon Server] - 2025-05-16T04:34:41.531Z - Time taken for 'total for creating and serializing project graph' 0.9470999999903142ms
[NX Daemon Server] - 2025-05-16T04:34:41.531Z - Done responding to the client project-graph
[NX Daemon Server] - 2025-05-16T04:34:41.550Z - Handled REQUEST_PROJECT_GRAPH. Handling time: 1. Response time: 22.
[NX Daemon Server] - 2025-05-16T04:34:41.898Z - [REQUEST]: Responding to the client. handleHashTasks
[NX Daemon Server] - 2025-05-16T04:34:41.899Z - Done responding to the client handleHashTasks
[NX Daemon Server] - 2025-05-16T04:34:41.899Z - Handled HASH_TASKS. Handling time: 57. Response time: 1.
[NX Daemon Server] - 2025-05-16T04:34:46.536Z - [WATCHER]: Processing file changes in outputs
[NX Daemon Server] - 2025-05-16T04:34:57.077Z - [WATCHER]: Processing file changes in outputs
[NX Daemon Server] - 2025-05-16T04:34:57.133Z - [REQUEST]: Responding to the client. recordOutputsHash
[NX Daemon Server] - 2025-05-16T04:34:57.133Z - Done responding to the client recordOutputsHash
[NX Daemon Server] - 2025-05-16T04:34:57.133Z - Handled RECORD_OUTPUTS_HASH. Handling time: 2. Response time: 0.
[NX Daemon Server] - 2025-05-16T04:34:58.051Z - [REQUEST]: Responding to the client. PROCESS_IN_BACKGROUND
[NX Daemon Server] - 2025-05-16T04:34:58.053Z - Uploading file artifacts
[NX Daemon Server] - 2025-05-16T04:34:58.053Z - Done uploading file artifacts
[NX Daemon Server] - 2025-05-16T04:34:58.054Z - Sending EndRun request
[NX Daemon Server] - 2025-05-16T04:34:58.058Z - Done responding to the client PROCESS_IN_BACKGROUND
[NX Daemon Server] - 2025-05-16T04:34:58.058Z - Handled PROCESS_IN_BACKGROUND. Handling time: 676. Response time: 7.
[NX Daemon Server] - 2025-05-16T04:34:58.188Z - Closed a connection. Number of open connections: 3
[NX Daemon Server] - 2025-05-16T04:34:58.592Z - Error when sending EndRun
Error: This workspace is more than three days old and is not connected. Workspaces must be connected within 3 days of creation. Claim your workspace at https://cloud.nx.app
    at Timeout._onTimeout (C:\easy-messe\.nx\cache\cloud\2505.11.1.hotfix2\lib\daemon\process-run-end.js:1:908117)
    at processTicksAndRejections (node:internal/process/task_queues:95:5)
[NX Daemon Server] - 2025-05-16T04:35:11.567Z - [WATCHER]: Processing file changes in outputs
[NX Daemon Server] - 2025-05-16T04:35:11.569Z - [WATCHER]: apps/backend/src/prisma/seed.js was modified
[NX Daemon Server] - 2025-05-16T04:35:11.569Z - [REQUEST]: Responding to the client. File watch changed
[NX Daemon Server] - 2025-05-16T04:35:11.570Z - Time taken for 'changed-projects' 0.22120000002905726ms
[NX Daemon Server] - 2025-05-16T04:35:11.570Z - Done responding to the client File watch changed
[NX Daemon Server] - 2025-05-16T04:35:11.570Z - Handled FILE-WATCH-CHANGED. Handling time: 0. Response time: 1.
[NX Daemon Server] - 2025-05-16T04:35:11.680Z - [REQUEST]: Updated workspace context based on watched changes, recomputing project graph...
[NX Daemon Server] - 2025-05-16T04:35:11.680Z - [REQUEST]: apps/backend/src/prisma/seed.js
[NX Daemon Server] - 2025-05-16T04:35:11.680Z - [REQUEST]: 
[NX Daemon Server] - 2025-05-16T04:35:13.965Z - Established a connection. Number of open connections: 4
[NX Daemon Server] - 2025-05-16T04:35:13.965Z - Established a connection. Number of open connections: 5
[NX Daemon Server] - 2025-05-16T04:35:13.967Z - Time taken for 'hash changed files from watcher' 0.8441999999340624ms
[NX Daemon Server] - 2025-05-16T04:35:13.967Z - Closed a connection. Number of open connections: 4
[NX Daemon Server] - 2025-05-16T04:35:13.969Z - [REQUEST]: Client Request for Project Graph Received
[NX Daemon Server] - 2025-05-16T04:35:13.970Z - [REQUEST]: Responding to the client. project-graph
[NX Daemon Server] - 2025-05-16T04:35:13.973Z - Time taken for 'total for creating and serializing project graph' 1.1566999999340624ms
[NX Daemon Server] - 2025-05-16T04:35:13.974Z - Done responding to the client project-graph
[NX Daemon Server] - 2025-05-16T04:35:13.974Z - Handled REQUEST_PROJECT_GRAPH. Handling time: 1. Response time: 4.
[NX Daemon Server] - 2025-05-16T04:35:14.254Z - [REQUEST]: Responding to the client. handleHashTasks
[NX Daemon Server] - 2025-05-16T04:35:14.254Z - Done responding to the client handleHashTasks
[NX Daemon Server] - 2025-05-16T04:35:14.255Z - Handled HASH_TASKS. Handling time: 46. Response time: 1.
[NX Daemon Server] - 2025-05-16T04:35:18.792Z - [WATCHER]: Processing file changes in outputs
[NX Daemon Server] - 2025-05-16T04:35:28.710Z - [WATCHER]: Processing file changes in outputs
[NX Daemon Server] - 2025-05-16T04:35:28.747Z - [REQUEST]: Responding to the client. recordOutputsHash
[NX Daemon Server] - 2025-05-16T04:35:28.747Z - Done responding to the client recordOutputsHash
[NX Daemon Server] - 2025-05-16T04:35:28.747Z - Handled RECORD_OUTPUTS_HASH. Handling time: 1. Response time: 0.
[NX Daemon Server] - 2025-05-16T04:35:29.957Z - [REQUEST]: Responding to the client. PROCESS_IN_BACKGROUND
[NX Daemon Server] - 2025-05-16T04:35:29.973Z - Uploading file artifacts
[NX Daemon Server] - 2025-05-16T04:35:29.974Z - Done uploading file artifacts
[NX Daemon Server] - 2025-05-16T04:35:29.975Z - Sending EndRun request
[NX Daemon Server] - 2025-05-16T04:35:29.984Z - Done responding to the client PROCESS_IN_BACKGROUND
[NX Daemon Server] - 2025-05-16T04:35:29.984Z - Handled PROCESS_IN_BACKGROUND. Handling time: 924. Response time: 27.
[NX Daemon Server] - 2025-05-16T04:35:30.079Z - Closed a connection. Number of open connections: 3
[NX Daemon Server] - 2025-05-16T04:35:30.535Z - Error when sending EndRun
Error: This workspace is more than three days old and is not connected. Workspaces must be connected within 3 days of creation. Claim your workspace at https://cloud.nx.app
    at Timeout._onTimeout (C:\easy-messe\.nx\cache\cloud\2505.11.1.hotfix2\lib\daemon\process-run-end.js:1:908117)
    at processTicksAndRejections (node:internal/process/task_queues:95:5)
[NX Daemon Server] - 2025-05-16T04:35:56.187Z - [WATCHER]: Processing file changes in outputs
[NX Daemon Server] - 2025-05-16T04:35:56.190Z - [WATCHER]: apps/backend/src/prisma/seed.js was modified
[NX Daemon Server] - 2025-05-16T04:35:56.191Z - [REQUEST]: Responding to the client. File watch changed
[NX Daemon Server] - 2025-05-16T04:35:56.191Z - Time taken for 'changed-projects' 0.23739999998360872ms
[NX Daemon Server] - 2025-05-16T04:35:56.191Z - Done responding to the client File watch changed
[NX Daemon Server] - 2025-05-16T04:35:56.191Z - Handled FILE-WATCH-CHANGED. Handling time: 0. Response time: 0.
[NX Daemon Server] - 2025-05-16T04:35:56.300Z - [REQUEST]: Updated workspace context based on watched changes, recomputing project graph...
[NX Daemon Server] - 2025-05-16T04:35:56.300Z - [REQUEST]: apps/backend/src/prisma/seed.js
[NX Daemon Server] - 2025-05-16T04:35:56.300Z - [REQUEST]: 
[NX Daemon Server] - 2025-05-16T04:35:58.320Z - Established a connection. Number of open connections: 4
[NX Daemon Server] - 2025-05-16T04:35:58.320Z - Established a connection. Number of open connections: 5
[NX Daemon Server] - 2025-05-16T04:35:58.321Z - Time taken for 'hash changed files from watcher' 1.3999999999068677ms
[NX Daemon Server] - 2025-05-16T04:35:58.321Z - Closed a connection. Number of open connections: 4
[NX Daemon Server] - 2025-05-16T04:35:58.324Z - [REQUEST]: Client Request for Project Graph Received
[NX Daemon Server] - 2025-05-16T04:35:58.325Z - [REQUEST]: Responding to the client. project-graph
[NX Daemon Server] - 2025-05-16T04:35:58.328Z - Time taken for 'total for creating and serializing project graph' 0.964499999769032ms
[NX Daemon Server] - 2025-05-16T04:35:58.329Z - Done responding to the client project-graph
[NX Daemon Server] - 2025-05-16T04:35:58.329Z - Handled REQUEST_PROJECT_GRAPH. Handling time: 1. Response time: 4.
[NX Daemon Server] - 2025-05-16T04:35:58.642Z - [REQUEST]: Responding to the client. handleHashTasks
[NX Daemon Server] - 2025-05-16T04:35:58.644Z - Done responding to the client handleHashTasks
[NX Daemon Server] - 2025-05-16T04:35:58.644Z - Handled HASH_TASKS. Handling time: 44. Response time: 2.
[NX Daemon Server] - 2025-05-16T04:36:03.126Z - [WATCHER]: Processing file changes in outputs
[NX Daemon Server] - 2025-05-16T04:36:13.211Z - [WATCHER]: Processing file changes in outputs
[NX Daemon Server] - 2025-05-16T04:36:13.255Z - [REQUEST]: Responding to the client. recordOutputsHash
[NX Daemon Server] - 2025-05-16T04:36:13.256Z - Done responding to the client recordOutputsHash
[NX Daemon Server] - 2025-05-16T04:36:13.256Z - Handled RECORD_OUTPUTS_HASH. Handling time: 1. Response time: 1.
[NX Daemon Server] - 2025-05-16T04:36:13.991Z - [REQUEST]: Responding to the client. PROCESS_IN_BACKGROUND
[NX Daemon Server] - 2025-05-16T04:36:14.002Z - Uploading file artifacts
[NX Daemon Server] - 2025-05-16T04:36:14.003Z - Done uploading file artifacts
[NX Daemon Server] - 2025-05-16T04:36:14.010Z - Sending EndRun request
[NX Daemon Server] - 2025-05-16T04:36:14.024Z - Done responding to the client PROCESS_IN_BACKGROUND
[NX Daemon Server] - 2025-05-16T04:36:14.024Z - Handled PROCESS_IN_BACKGROUND. Handling time: 498. Response time: 33.
[NX Daemon Server] - 2025-05-16T04:36:14.105Z - Closed a connection. Number of open connections: 3
[NX Daemon Server] - 2025-05-16T04:36:14.537Z - Error when sending EndRun
Error: This workspace is more than three days old and is not connected. Workspaces must be connected within 3 days of creation. Claim your workspace at https://cloud.nx.app
    at Timeout._onTimeout (C:\easy-messe\.nx\cache\cloud\2505.11.1.hotfix2\lib\daemon\process-run-end.js:1:908117)
    at processTicksAndRejections (node:internal/process/task_queues:95:5)
[NX Daemon Server] - 2025-05-16T04:38:36.617Z - [WATCHER]: apps/backend/src/prisma/seed.js was modified
[NX Daemon Server] - 2025-05-16T04:38:36.618Z - [REQUEST]: Responding to the client. File watch changed
[NX Daemon Server] - 2025-05-16T04:38:36.619Z - [WATCHER]: Processing file changes in outputs
[NX Daemon Server] - 2025-05-16T04:38:36.620Z - Time taken for 'changed-projects' 0.246199999935925ms
[NX Daemon Server] - 2025-05-16T04:38:36.621Z - Done responding to the client File watch changed
[NX Daemon Server] - 2025-05-16T04:38:36.621Z - Handled FILE-WATCH-CHANGED. Handling time: 0. Response time: 3.
[NX Daemon Server] - 2025-05-16T04:38:36.785Z - [REQUEST]: Updated workspace context based on watched changes, recomputing project graph...
[NX Daemon Server] - 2025-05-16T04:38:36.785Z - [REQUEST]: apps/backend/src/prisma/seed.js
[NX Daemon Server] - 2025-05-16T04:38:36.785Z - [REQUEST]: 
[NX Daemon Server] - 2025-05-16T04:38:39.915Z - Established a connection. Number of open connections: 4
[NX Daemon Server] - 2025-05-16T04:38:39.916Z - Established a connection. Number of open connections: 5
[NX Daemon Server] - 2025-05-16T04:38:39.919Z - Time taken for 'hash changed files from watcher' 0.9669999999459833ms
[NX Daemon Server] - 2025-05-16T04:38:39.919Z - Closed a connection. Number of open connections: 4
[NX Daemon Server] - 2025-05-16T04:38:39.921Z - [REQUEST]: Client Request for Project Graph Received
[NX Daemon Server] - 2025-05-16T04:38:39.922Z - [REQUEST]: Responding to the client. project-graph
[NX Daemon Server] - 2025-05-16T04:38:39.929Z - Time taken for 'total for creating and serializing project graph' 1.0113000001292676ms
[NX Daemon Server] - 2025-05-16T04:38:39.929Z - Done responding to the client project-graph
[NX Daemon Server] - 2025-05-16T04:38:39.929Z - Handled REQUEST_PROJECT_GRAPH. Handling time: 1. Response time: 7.
[NX Daemon Server] - 2025-05-16T04:38:40.192Z - [REQUEST]: Responding to the client. handleHashTasks
[NX Daemon Server] - 2025-05-16T04:38:40.193Z - Done responding to the client handleHashTasks
[NX Daemon Server] - 2025-05-16T04:38:40.193Z - Handled HASH_TASKS. Handling time: 47. Response time: 1.
[NX Daemon Server] - 2025-05-16T04:38:50.901Z - [WATCHER]: Processing file changes in outputs
[NX Daemon Server] - 2025-05-16T04:39:03.431Z - [WATCHER]: Processing file changes in outputs
[NX Daemon Server] - 2025-05-16T04:39:03.482Z - [REQUEST]: Responding to the client. recordOutputsHash
[NX Daemon Server] - 2025-05-16T04:39:03.482Z - Done responding to the client recordOutputsHash
[NX Daemon Server] - 2025-05-16T04:39:03.482Z - Handled RECORD_OUTPUTS_HASH. Handling time: 2. Response time: 0.
[NX Daemon Server] - 2025-05-16T04:39:04.363Z - [REQUEST]: Responding to the client. PROCESS_IN_BACKGROUND
[NX Daemon Server] - 2025-05-16T04:39:04.364Z - Uploading file artifacts
[NX Daemon Server] - 2025-05-16T04:39:04.364Z - Done uploading file artifacts
[NX Daemon Server] - 2025-05-16T04:39:04.365Z - Sending EndRun request
[NX Daemon Server] - 2025-05-16T04:39:04.375Z - Done responding to the client PROCESS_IN_BACKGROUND
[NX Daemon Server] - 2025-05-16T04:39:04.376Z - Handled PROCESS_IN_BACKGROUND. Handling time: 623. Response time: 13.
[NX Daemon Server] - 2025-05-16T04:39:04.491Z - Closed a connection. Number of open connections: 3
[NX Daemon Server] - 2025-05-16T04:39:10.159Z - Error when sending EndRun
Error: This workspace is more than three days old and is not connected. Workspaces must be connected within 3 days of creation. Claim your workspace at https://cloud.nx.app
    at Timeout._onTimeout (C:\easy-messe\.nx\cache\cloud\2505.11.1.hotfix2\lib\daemon\process-run-end.js:1:908117)
    at processTicksAndRejections (node:internal/process/task_queues:95:5)
[NX Daemon Server] - 2025-05-16T04:41:50.091Z - [WATCHER]: apps/backend/src/prisma/seed.js was modified
[NX Daemon Server] - 2025-05-16T04:41:50.094Z - [REQUEST]: Responding to the client. File watch changed
[NX Daemon Server] - 2025-05-16T04:41:50.094Z - [WATCHER]: Processing file changes in outputs
[NX Daemon Server] - 2025-05-16T04:41:50.094Z - Time taken for 'changed-projects' 0.4605000000447035ms
[NX Daemon Server] - 2025-05-16T04:41:50.095Z - Done responding to the client File watch changed
[NX Daemon Server] - 2025-05-16T04:41:50.095Z - Handled FILE-WATCH-CHANGED. Handling time: 2. Response time: 1.
[NX Daemon Server] - 2025-05-16T04:41:50.208Z - [REQUEST]: Updated workspace context based on watched changes, recomputing project graph...
[NX Daemon Server] - 2025-05-16T04:41:50.208Z - [REQUEST]: apps/backend/src/prisma/seed.js
[NX Daemon Server] - 2025-05-16T04:41:50.208Z - [REQUEST]: 
[NX Daemon Server] - 2025-05-16T04:41:51.995Z - Established a connection. Number of open connections: 4
[NX Daemon Server] - 2025-05-16T04:41:51.995Z - Established a connection. Number of open connections: 5
[NX Daemon Server] - 2025-05-16T04:41:51.996Z - Time taken for 'hash changed files from watcher' 1.0844999998807907ms
[NX Daemon Server] - 2025-05-16T04:41:51.996Z - Closed a connection. Number of open connections: 4
[NX Daemon Server] - 2025-05-16T04:41:52.000Z - [REQUEST]: Client Request for Project Graph Received
[NX Daemon Server] - 2025-05-16T04:41:52.002Z - [REQUEST]: Responding to the client. project-graph
[NX Daemon Server] - 2025-05-16T04:41:52.005Z - Time taken for 'total for creating and serializing project graph' 1.6354000000283122ms
[NX Daemon Server] - 2025-05-16T04:41:52.005Z - Done responding to the client project-graph
[NX Daemon Server] - 2025-05-16T04:41:52.005Z - Handled REQUEST_PROJECT_GRAPH. Handling time: 2. Response time: 3.
[NX Daemon Server] - 2025-05-16T04:41:52.304Z - [REQUEST]: Responding to the client. handleHashTasks
[NX Daemon Server] - 2025-05-16T04:41:52.310Z - Done responding to the client handleHashTasks
[NX Daemon Server] - 2025-05-16T04:41:52.311Z - Handled HASH_TASKS. Handling time: 47. Response time: 7.
[NX Daemon Server] - 2025-05-16T04:41:56.878Z - [WATCHER]: Processing file changes in outputs
[NX Daemon Server] - 2025-05-16T04:42:07.225Z - [WATCHER]: Processing file changes in outputs
[NX Daemon Server] - 2025-05-16T04:42:07.268Z - [REQUEST]: Responding to the client. recordOutputsHash
[NX Daemon Server] - 2025-05-16T04:42:07.268Z - Done responding to the client recordOutputsHash
[NX Daemon Server] - 2025-05-16T04:42:07.268Z - Handled RECORD_OUTPUTS_HASH. Handling time: 2. Response time: 0.
[NX Daemon Server] - 2025-05-16T04:42:08.336Z - [REQUEST]: Responding to the client. PROCESS_IN_BACKGROUND
[NX Daemon Server] - 2025-05-16T04:42:08.339Z - Uploading file artifacts
[NX Daemon Server] - 2025-05-16T04:42:08.339Z - Done uploading file artifacts
[NX Daemon Server] - 2025-05-16T04:42:08.348Z - Sending EndRun request
[NX Daemon Server] - 2025-05-16T04:42:08.377Z - Done responding to the client PROCESS_IN_BACKGROUND
[NX Daemon Server] - 2025-05-16T04:42:08.378Z - Handled PROCESS_IN_BACKGROUND. Handling time: 848. Response time: 42.
[NX Daemon Server] - 2025-05-16T04:42:08.539Z - Closed a connection. Number of open connections: 3
[NX Daemon Server] - 2025-05-16T04:42:08.979Z - Error when sending EndRun
Error: This workspace is more than three days old and is not connected. Workspaces must be connected within 3 days of creation. Claim your workspace at https://cloud.nx.app
    at Timeout._onTimeout (C:\easy-messe\.nx\cache\cloud\2505.11.1.hotfix2\lib\daemon\process-run-end.js:1:908117)
    at processTicksAndRejections (node:internal/process/task_queues:95:5)
[NX Daemon Server] - 2025-05-16T04:42:43.927Z - [WATCHER]: Processing file changes in outputs
[NX Daemon Server] - 2025-05-16T04:42:43.929Z - [WATCHER]: apps/backend/src/prisma/seed.js was modified
[NX Daemon Server] - 2025-05-16T04:42:43.930Z - [REQUEST]: Responding to the client. File watch changed
[NX Daemon Server] - 2025-05-16T04:42:43.931Z - Time taken for 'changed-projects' 0.3075000001117587ms
[NX Daemon Server] - 2025-05-16T04:42:43.931Z - Done responding to the client File watch changed
[NX Daemon Server] - 2025-05-16T04:42:43.931Z - Handled FILE-WATCH-CHANGED. Handling time: 0. Response time: 1.
[NX Daemon Server] - 2025-05-16T04:42:44.039Z - [REQUEST]: Updated workspace context based on watched changes, recomputing project graph...
[NX Daemon Server] - 2025-05-16T04:42:44.039Z - [REQUEST]: apps/backend/src/prisma/seed.js
[NX Daemon Server] - 2025-05-16T04:42:44.039Z - [REQUEST]: 
[NX Daemon Server] - 2025-05-16T04:42:45.925Z - Established a connection. Number of open connections: 4
[NX Daemon Server] - 2025-05-16T04:42:45.926Z - Established a connection. Number of open connections: 5
[NX Daemon Server] - 2025-05-16T04:42:45.928Z - Time taken for 'hash changed files from watcher' 0.6809999998658895ms
[NX Daemon Server] - 2025-05-16T04:42:45.928Z - Closed a connection. Number of open connections: 4
[NX Daemon Server] - 2025-05-16T04:42:45.931Z - [REQUEST]: Client Request for Project Graph Received
[NX Daemon Server] - 2025-05-16T04:42:45.932Z - [REQUEST]: Responding to the client. project-graph
[NX Daemon Server] - 2025-05-16T04:42:45.935Z - Time taken for 'total for creating and serializing project graph' 1.3132999998051673ms
[NX Daemon Server] - 2025-05-16T04:42:45.935Z - Done responding to the client project-graph
[NX Daemon Server] - 2025-05-16T04:42:45.936Z - Handled REQUEST_PROJECT_GRAPH. Handling time: 1. Response time: 4.
[NX Daemon Server] - 2025-05-16T04:42:46.297Z - [REQUEST]: Responding to the client. handleHashTasks
[NX Daemon Server] - 2025-05-16T04:42:46.297Z - Done responding to the client handleHashTasks
[NX Daemon Server] - 2025-05-16T04:42:46.297Z - Handled HASH_TASKS. Handling time: 46. Response time: 0.
[NX Daemon Server] - 2025-05-16T04:42:51.009Z - [WATCHER]: Processing file changes in outputs
[NX Daemon Server] - 2025-05-16T04:43:02.079Z - [WATCHER]: Processing file changes in outputs
[NX Daemon Server] - 2025-05-16T04:43:02.176Z - [REQUEST]: Responding to the client. recordOutputsHash
[NX Daemon Server] - 2025-05-16T04:43:02.176Z - Done responding to the client recordOutputsHash
[NX Daemon Server] - 2025-05-16T04:43:02.176Z - Handled RECORD_OUTPUTS_HASH. Handling time: 2. Response time: 0.
[NX Daemon Server] - 2025-05-16T04:43:02.927Z - [REQUEST]: Responding to the client. PROCESS_IN_BACKGROUND
[NX Daemon Server] - 2025-05-16T04:43:02.935Z - Uploading file artifacts
[NX Daemon Server] - 2025-05-16T04:43:02.936Z - Done uploading file artifacts
[NX Daemon Server] - 2025-05-16T04:43:02.937Z - Sending EndRun request
[NX Daemon Server] - 2025-05-16T04:43:02.950Z - Done responding to the client PROCESS_IN_BACKGROUND
[NX Daemon Server] - 2025-05-16T04:43:02.950Z - Handled PROCESS_IN_BACKGROUND. Handling time: 494. Response time: 23.
[NX Daemon Server] - 2025-05-16T04:43:03.022Z - Closed a connection. Number of open connections: 3
[NX Daemon Server] - 2025-05-16T04:43:03.482Z - Error when sending EndRun
Error: This workspace is more than three days old and is not connected. Workspaces must be connected within 3 days of creation. Claim your workspace at https://cloud.nx.app
    at Timeout._onTimeout (C:\easy-messe\.nx\cache\cloud\2505.11.1.hotfix2\lib\daemon\process-run-end.js:1:908117)
    at processTicksAndRejections (node:internal/process/task_queues:95:5)
[NX Daemon Server] - 2025-05-16T04:44:11.427Z - [WATCHER]: Processing file changes in outputs
[NX Daemon Server] - 2025-05-16T04:44:11.431Z - [WATCHER]: apps/backend/src/prisma/seed.js was modified
[NX Daemon Server] - 2025-05-16T04:44:11.448Z - [REQUEST]: Responding to the client. File watch changed
[NX Daemon Server] - 2025-05-16T04:44:11.456Z - Time taken for 'changed-projects' 0.1964000000152737ms
[NX Daemon Server] - 2025-05-16T04:44:11.456Z - Done responding to the client File watch changed
[NX Daemon Server] - 2025-05-16T04:44:11.456Z - Handled FILE-WATCH-CHANGED. Handling time: 0. Response time: 10.
[NX Daemon Server] - 2025-05-16T04:44:11.608Z - [REQUEST]: Updated workspace context based on watched changes, recomputing project graph...
[NX Daemon Server] - 2025-05-16T04:44:11.608Z - [REQUEST]: apps/backend/src/prisma/seed.js
[NX Daemon Server] - 2025-05-16T04:44:11.608Z - [REQUEST]: 
[NX Daemon Server] - 2025-05-16T04:44:14.201Z - Time taken for 'hash changed files from watcher' 0.8947999998927116ms
[NX Daemon Server] - 2025-05-16T04:44:14.456Z - Established a connection. Number of open connections: 4
[NX Daemon Server] - 2025-05-16T04:44:14.461Z - Closed a connection. Number of open connections: 3
[NX Daemon Server] - 2025-05-16T04:44:14.464Z - Established a connection. Number of open connections: 4
[NX Daemon Server] - 2025-05-16T04:44:14.470Z - [REQUEST]: Client Request for Project Graph Received
[NX Daemon Server] - 2025-05-16T04:44:14.472Z - [REQUEST]: Responding to the client. project-graph
[NX Daemon Server] - 2025-05-16T04:44:14.475Z - Time taken for 'total for creating and serializing project graph' 1.3486000001430511ms
[NX Daemon Server] - 2025-05-16T04:44:14.475Z - Done responding to the client project-graph
[NX Daemon Server] - 2025-05-16T04:44:14.475Z - Handled REQUEST_PROJECT_GRAPH. Handling time: 2. Response time: 3.
[NX Daemon Server] - 2025-05-16T04:44:14.933Z - [REQUEST]: Responding to the client. handleHashTasks
[NX Daemon Server] - 2025-05-16T04:44:14.935Z - Done responding to the client handleHashTasks
[NX Daemon Server] - 2025-05-16T04:44:14.935Z - Handled HASH_TASKS. Handling time: 48. Response time: 2.
[NX Daemon Server] - 2025-05-16T04:44:21.122Z - [WATCHER]: Processing file changes in outputs
[NX Daemon Server] - 2025-05-16T04:44:32.772Z - [WATCHER]: Processing file changes in outputs
[NX Daemon Server] - 2025-05-16T04:44:32.833Z - [REQUEST]: Responding to the client. recordOutputsHash
[NX Daemon Server] - 2025-05-16T04:44:32.834Z - Done responding to the client recordOutputsHash
[NX Daemon Server] - 2025-05-16T04:44:32.834Z - Handled RECORD_OUTPUTS_HASH. Handling time: 1. Response time: 1.
[NX Daemon Server] - 2025-05-16T04:44:33.697Z - [REQUEST]: Responding to the client. PROCESS_IN_BACKGROUND
[NX Daemon Server] - 2025-05-16T04:44:33.699Z - Uploading file artifacts
[NX Daemon Server] - 2025-05-16T04:44:33.700Z - Done uploading file artifacts
[NX Daemon Server] - 2025-05-16T04:44:33.703Z - Sending EndRun request
[NX Daemon Server] - 2025-05-16T04:44:33.714Z - Done responding to the client PROCESS_IN_BACKGROUND
[NX Daemon Server] - 2025-05-16T04:44:33.714Z - Handled PROCESS_IN_BACKGROUND. Handling time: 551. Response time: 17.
[NX Daemon Server] - 2025-05-16T04:44:33.807Z - Closed a connection. Number of open connections: 3
[NX Daemon Server] - 2025-05-16T04:44:34.254Z - Error when sending EndRun
Error: This workspace is more than three days old and is not connected. Workspaces must be connected within 3 days of creation. Claim your workspace at https://cloud.nx.app
    at Timeout._onTimeout (C:\easy-messe\.nx\cache\cloud\2505.11.1.hotfix2\lib\daemon\process-run-end.js:1:908117)
    at processTicksAndRejections (node:internal/process/task_queues:95:5)
[NX Daemon Server] - 2025-05-16T04:46:04.880Z - [WATCHER]: apps/backend/src/prisma/seed.js was modified
[NX Daemon Server] - 2025-05-16T04:46:04.884Z - [REQUEST]: Responding to the client. File watch changed
[NX Daemon Server] - 2025-05-16T04:46:04.885Z - Time taken for 'changed-projects' 0.31679999991320074ms
[NX Daemon Server] - 2025-05-16T04:46:04.885Z - Done responding to the client File watch changed
[NX Daemon Server] - 2025-05-16T04:46:04.885Z - Handled FILE-WATCH-CHANGED. Handling time: 0. Response time: 1.
[NX Daemon Server] - 2025-05-16T04:46:04.901Z - [WATCHER]: Processing file changes in outputs
[NX Daemon Server] - 2025-05-16T04:46:04.998Z - [REQUEST]: Updated workspace context based on watched changes, recomputing project graph...
[NX Daemon Server] - 2025-05-16T04:46:04.999Z - [REQUEST]: apps/backend/src/prisma/seed.js
[NX Daemon Server] - 2025-05-16T04:46:04.999Z - [REQUEST]: 
[NX Daemon Server] - 2025-05-16T04:46:07.090Z - Established a connection. Number of open connections: 4
[NX Daemon Server] - 2025-05-16T04:46:07.090Z - Established a connection. Number of open connections: 5
[NX Daemon Server] - 2025-05-16T04:46:07.091Z - Time taken for 'hash changed files from watcher' 1.1300999999511987ms
[NX Daemon Server] - 2025-05-16T04:46:07.091Z - Closed a connection. Number of open connections: 4
[NX Daemon Server] - 2025-05-16T04:46:07.093Z - [REQUEST]: Client Request for Project Graph Received
[NX Daemon Server] - 2025-05-16T04:46:07.094Z - [REQUEST]: Responding to the client. project-graph
[NX Daemon Server] - 2025-05-16T04:46:07.096Z - Time taken for 'total for creating and serializing project graph' 0.9242000000085682ms
[NX Daemon Server] - 2025-05-16T04:46:07.097Z - Done responding to the client project-graph
[NX Daemon Server] - 2025-05-16T04:46:07.097Z - Handled REQUEST_PROJECT_GRAPH. Handling time: 1. Response time: 3.
[NX Daemon Server] - 2025-05-16T04:46:07.504Z - [REQUEST]: Responding to the client. handleHashTasks
[NX Daemon Server] - 2025-05-16T04:46:07.507Z - Done responding to the client handleHashTasks
[NX Daemon Server] - 2025-05-16T04:46:07.507Z - Handled HASH_TASKS. Handling time: 76. Response time: 3.
[NX Daemon Server] - 2025-05-16T04:46:12.741Z - [WATCHER]: Processing file changes in outputs
[NX Daemon Server] - 2025-05-16T04:46:23.805Z - [WATCHER]: Processing file changes in outputs
[NX Daemon Server] - 2025-05-16T04:46:23.876Z - [REQUEST]: Responding to the client. recordOutputsHash
[NX Daemon Server] - 2025-05-16T04:46:23.877Z - Done responding to the client recordOutputsHash
[NX Daemon Server] - 2025-05-16T04:46:23.877Z - Handled RECORD_OUTPUTS_HASH. Handling time: 1. Response time: 1.
[NX Daemon Server] - 2025-05-16T04:46:24.908Z - [REQUEST]: Responding to the client. PROCESS_IN_BACKGROUND
[NX Daemon Server] - 2025-05-16T04:46:24.911Z - Uploading file artifacts
[NX Daemon Server] - 2025-05-16T04:46:24.915Z - Done uploading file artifacts
[NX Daemon Server] - 2025-05-16T04:46:24.917Z - Sending EndRun request
[NX Daemon Server] - 2025-05-16T04:46:24.921Z - Done responding to the client PROCESS_IN_BACKGROUND
[NX Daemon Server] - 2025-05-16T04:46:24.922Z - Handled PROCESS_IN_BACKGROUND. Handling time: 788. Response time: 14.
[NX Daemon Server] - 2025-05-16T04:46:25.018Z - Closed a connection. Number of open connections: 3
[NX Daemon Server] - 2025-05-16T04:46:25.480Z - Error when sending EndRun
Error: This workspace is more than three days old and is not connected. Workspaces must be connected within 3 days of creation. Claim your workspace at https://cloud.nx.app
    at Timeout._onTimeout (C:\easy-messe\.nx\cache\cloud\2505.11.1.hotfix2\lib\daemon\process-run-end.js:1:908117)
    at processTicksAndRejections (node:internal/process/task_queues:95:5)
[NX Daemon Server] - 2025-05-16T04:47:42.797Z - [WATCHER]: Processing file changes in outputs
[NX Daemon Server] - 2025-05-16T04:47:42.801Z - [WATCHER]: apps/backend/src/prisma/seed.js was modified
[NX Daemon Server] - 2025-05-16T04:47:42.803Z - [REQUEST]: Responding to the client. File watch changed
[NX Daemon Server] - 2025-05-16T04:47:42.804Z - Time taken for 'changed-projects' 1.7658999999985099ms
[NX Daemon Server] - 2025-05-16T04:47:42.805Z - Done responding to the client File watch changed
[NX Daemon Server] - 2025-05-16T04:47:42.805Z - Handled FILE-WATCH-CHANGED. Handling time: 0. Response time: 2.
[NX Daemon Server] - 2025-05-16T04:47:42.921Z - [REQUEST]: Updated workspace context based on watched changes, recomputing project graph...
[NX Daemon Server] - 2025-05-16T04:47:42.921Z - [REQUEST]: apps/backend/src/prisma/seed.js
[NX Daemon Server] - 2025-05-16T04:47:42.922Z - [REQUEST]: 
[NX Daemon Server] - 2025-05-16T04:47:45.401Z - Established a connection. Number of open connections: 4
[NX Daemon Server] - 2025-05-16T04:47:45.404Z - Established a connection. Number of open connections: 5
[NX Daemon Server] - 2025-05-16T04:47:45.408Z - Time taken for 'hash changed files from watcher' 3.3443000002298504ms
[NX Daemon Server] - 2025-05-16T04:47:45.408Z - Closed a connection. Number of open connections: 4
[NX Daemon Server] - 2025-05-16T04:47:45.410Z - [REQUEST]: Client Request for Project Graph Received
[NX Daemon Server] - 2025-05-16T04:47:45.411Z - [REQUEST]: Responding to the client. project-graph
[NX Daemon Server] - 2025-05-16T04:47:45.414Z - Time taken for 'total for creating and serializing project graph' 1.0932000000029802ms
[NX Daemon Server] - 2025-05-16T04:47:45.414Z - Done responding to the client project-graph
[NX Daemon Server] - 2025-05-16T04:47:45.415Z - Handled REQUEST_PROJECT_GRAPH. Handling time: 1. Response time: 4.
[NX Daemon Server] - 2025-05-16T04:47:45.630Z - [REQUEST]: Responding to the client. handleHashTasks
[NX Daemon Server] - 2025-05-16T04:47:45.630Z - Done responding to the client handleHashTasks
[NX Daemon Server] - 2025-05-16T04:47:45.630Z - Handled HASH_TASKS. Handling time: 33. Response time: 0.
[NX Daemon Server] - 2025-05-16T04:47:50.095Z - [WATCHER]: Processing file changes in outputs
[NX Daemon Server] - 2025-05-16T04:48:00.913Z - [WATCHER]: Processing file changes in outputs
[NX Daemon Server] - 2025-05-16T04:48:00.954Z - [REQUEST]: Responding to the client. recordOutputsHash
[NX Daemon Server] - 2025-05-16T04:48:00.955Z - Done responding to the client recordOutputsHash
[NX Daemon Server] - 2025-05-16T04:48:00.955Z - Handled RECORD_OUTPUTS_HASH. Handling time: 1. Response time: 1.
[NX Daemon Server] - 2025-05-16T04:48:01.829Z - [REQUEST]: Responding to the client. PROCESS_IN_BACKGROUND
[NX Daemon Server] - 2025-05-16T04:48:01.832Z - Uploading file artifacts
[NX Daemon Server] - 2025-05-16T04:48:01.833Z - Done uploading file artifacts
[NX Daemon Server] - 2025-05-16T04:48:01.835Z - Sending EndRun request
[NX Daemon Server] - 2025-05-16T04:48:01.848Z - Done responding to the client PROCESS_IN_BACKGROUND
[NX Daemon Server] - 2025-05-16T04:48:01.848Z - Handled PROCESS_IN_BACKGROUND. Handling time: 589. Response time: 19.
[NX Daemon Server] - 2025-05-16T04:48:01.959Z - Closed a connection. Number of open connections: 3
[NX Daemon Server] - 2025-05-16T04:48:02.377Z - Error when sending EndRun
Error: This workspace is more than three days old and is not connected. Workspaces must be connected within 3 days of creation. Claim your workspace at https://cloud.nx.app
    at Timeout._onTimeout (C:\easy-messe\.nx\cache\cloud\2505.11.1.hotfix2\lib\daemon\process-run-end.js:1:908117)
    at processTicksAndRejections (node:internal/process/task_queues:95:5)
[NX Daemon Server] - 2025-05-16T04:48:34.419Z - [WATCHER]: Processing file changes in outputs
[NX Daemon Server] - 2025-05-16T04:48:34.422Z - [WATCHER]: apps/backend/src/prisma/seed.js was modified
[NX Daemon Server] - 2025-05-16T04:48:34.423Z - [REQUEST]: Responding to the client. File watch changed
[NX Daemon Server] - 2025-05-16T04:48:34.423Z - Time taken for 'changed-projects' 0.19539999985136092ms
[NX Daemon Server] - 2025-05-16T04:48:34.424Z - Done responding to the client File watch changed
[NX Daemon Server] - 2025-05-16T04:48:34.424Z - Handled FILE-WATCH-CHANGED. Handling time: 0. Response time: 1.
[NX Daemon Server] - 2025-05-16T04:48:34.536Z - [REQUEST]: Updated workspace context based on watched changes, recomputing project graph...
[NX Daemon Server] - 2025-05-16T04:48:34.536Z - [REQUEST]: apps/backend/src/prisma/seed.js
[NX Daemon Server] - 2025-05-16T04:48:34.536Z - [REQUEST]: 
[NX Daemon Server] - 2025-05-16T04:48:36.705Z - Established a connection. Number of open connections: 4
[NX Daemon Server] - 2025-05-16T04:48:36.706Z - Established a connection. Number of open connections: 5
[NX Daemon Server] - 2025-05-16T04:48:36.707Z - Time taken for 'hash changed files from watcher' 1.2791999999899417ms
[NX Daemon Server] - 2025-05-16T04:48:36.707Z - Closed a connection. Number of open connections: 4
[NX Daemon Server] - 2025-05-16T04:48:36.710Z - [REQUEST]: Client Request for Project Graph Received
[NX Daemon Server] - 2025-05-16T04:48:36.711Z - [REQUEST]: Responding to the client. project-graph
[NX Daemon Server] - 2025-05-16T04:48:36.715Z - Time taken for 'total for creating and serializing project graph' 1.401100000133738ms
[NX Daemon Server] - 2025-05-16T04:48:36.716Z - Done responding to the client project-graph
[NX Daemon Server] - 2025-05-16T04:48:36.716Z - Handled REQUEST_PROJECT_GRAPH. Handling time: 2. Response time: 5.
[NX Daemon Server] - 2025-05-16T04:48:37.005Z - [REQUEST]: Responding to the client. handleHashTasks
[NX Daemon Server] - 2025-05-16T04:48:37.006Z - Done responding to the client handleHashTasks
[NX Daemon Server] - 2025-05-16T04:48:37.006Z - Handled HASH_TASKS. Handling time: 49. Response time: 1.
[NX Daemon Server] - 2025-05-16T04:48:41.726Z - [WATCHER]: Processing file changes in outputs
[NX Daemon Server] - 2025-05-16T04:48:52.271Z - [WATCHER]: Processing file changes in outputs
[NX Daemon Server] - 2025-05-16T04:48:52.365Z - [REQUEST]: Responding to the client. recordOutputsHash
[NX Daemon Server] - 2025-05-16T04:48:52.365Z - Done responding to the client recordOutputsHash
[NX Daemon Server] - 2025-05-16T04:48:52.365Z - Handled RECORD_OUTPUTS_HASH. Handling time: 1. Response time: 0.
[NX Daemon Server] - 2025-05-16T04:48:53.139Z - [REQUEST]: Responding to the client. PROCESS_IN_BACKGROUND
[NX Daemon Server] - 2025-05-16T04:48:53.141Z - Uploading file artifacts
[NX Daemon Server] - 2025-05-16T04:48:53.142Z - Done uploading file artifacts
[NX Daemon Server] - 2025-05-16T04:48:53.149Z - Sending EndRun request
[NX Daemon Server] - 2025-05-16T04:48:53.163Z - Done responding to the client PROCESS_IN_BACKGROUND
[NX Daemon Server] - 2025-05-16T04:48:53.164Z - Handled PROCESS_IN_BACKGROUND. Handling time: 535. Response time: 25.
[NX Daemon Server] - 2025-05-16T04:48:53.204Z - Closed a connection. Number of open connections: 3
[NX Daemon Server] - 2025-05-16T04:48:53.679Z - Error when sending EndRun
Error: This workspace is more than three days old and is not connected. Workspaces must be connected within 3 days of creation. Claim your workspace at https://cloud.nx.app
    at Timeout._onTimeout (C:\easy-messe\.nx\cache\cloud\2505.11.1.hotfix2\lib\daemon\process-run-end.js:1:908117)
    at processTicksAndRejections (node:internal/process/task_queues:95:5)
[NX Daemon Server] - 2025-05-16T04:49:18.745Z - [WATCHER]: Processing file changes in outputs
[NX Daemon Server] - 2025-05-16T04:49:18.748Z - [WATCHER]: apps/backend/src/prisma/seed.js was modified
[NX Daemon Server] - 2025-05-16T04:49:18.749Z - [REQUEST]: Responding to the client. File watch changed
[NX Daemon Server] - 2025-05-16T04:49:18.749Z - Time taken for 'changed-projects' 0.1576999998651445ms
[NX Daemon Server] - 2025-05-16T04:49:18.750Z - Done responding to the client File watch changed
[NX Daemon Server] - 2025-05-16T04:49:18.750Z - Handled FILE-WATCH-CHANGED. Handling time: 0. Response time: 1.
[NX Daemon Server] - 2025-05-16T04:49:18.859Z - [REQUEST]: Updated workspace context based on watched changes, recomputing project graph...
[NX Daemon Server] - 2025-05-16T04:49:18.859Z - [REQUEST]: apps/backend/src/prisma/seed.js
[NX Daemon Server] - 2025-05-16T04:49:18.859Z - [REQUEST]: 
[NX Daemon Server] - 2025-05-16T04:49:21.001Z - Established a connection. Number of open connections: 4
[NX Daemon Server] - 2025-05-16T04:49:21.001Z - Established a connection. Number of open connections: 5
[NX Daemon Server] - 2025-05-16T04:49:21.008Z - Time taken for 'hash changed files from watcher' 2.8500000000931323ms
[NX Daemon Server] - 2025-05-16T04:49:21.008Z - Closed a connection. Number of open connections: 4
[NX Daemon Server] - 2025-05-16T04:49:21.012Z - [REQUEST]: Client Request for Project Graph Received
[NX Daemon Server] - 2025-05-16T04:49:21.013Z - [REQUEST]: Responding to the client. project-graph
[NX Daemon Server] - 2025-05-16T04:49:21.016Z - Time taken for 'total for creating and serializing project graph' 1.1811999999918044ms
[NX Daemon Server] - 2025-05-16T04:49:21.016Z - Done responding to the client project-graph
[NX Daemon Server] - 2025-05-16T04:49:21.016Z - Handled REQUEST_PROJECT_GRAPH. Handling time: 1. Response time: 3.
[NX Daemon Server] - 2025-05-16T04:49:21.309Z - [REQUEST]: Responding to the client. handleHashTasks
[NX Daemon Server] - 2025-05-16T04:49:21.310Z - Done responding to the client handleHashTasks
[NX Daemon Server] - 2025-05-16T04:49:21.310Z - Handled HASH_TASKS. Handling time: 44. Response time: 1.
[NX Daemon Server] - 2025-05-16T04:49:25.527Z - [WATCHER]: Processing file changes in outputs
[NX Daemon Server] - 2025-05-16T04:49:35.439Z - [WATCHER]: Processing file changes in outputs
[NX Daemon Server] - 2025-05-16T04:49:35.487Z - [REQUEST]: Responding to the client. recordOutputsHash
[NX Daemon Server] - 2025-05-16T04:49:35.488Z - Done responding to the client recordOutputsHash
[NX Daemon Server] - 2025-05-16T04:49:35.488Z - Handled RECORD_OUTPUTS_HASH. Handling time: 1. Response time: 1.
[NX Daemon Server] - 2025-05-16T04:49:36.480Z - [REQUEST]: Responding to the client. PROCESS_IN_BACKGROUND
[NX Daemon Server] - 2025-05-16T04:49:36.483Z - Uploading file artifacts
[NX Daemon Server] - 2025-05-16T04:49:36.483Z - Done uploading file artifacts
[NX Daemon Server] - 2025-05-16T04:49:36.484Z - Sending EndRun request
[NX Daemon Server] - 2025-05-16T04:49:36.489Z - Done responding to the client PROCESS_IN_BACKGROUND
[NX Daemon Server] - 2025-05-16T04:49:36.490Z - Handled PROCESS_IN_BACKGROUND. Handling time: 763. Response time: 10.
[NX Daemon Server] - 2025-05-16T04:49:36.552Z - Closed a connection. Number of open connections: 3
[NX Daemon Server] - 2025-05-16T04:49:37.045Z - Error when sending EndRun
Error: This workspace is more than three days old and is not connected. Workspaces must be connected within 3 days of creation. Claim your workspace at https://cloud.nx.app
    at Timeout._onTimeout (C:\easy-messe\.nx\cache\cloud\2505.11.1.hotfix2\lib\daemon\process-run-end.js:1:908117)
    at processTicksAndRejections (node:internal/process/task_queues:95:5)
[NX Daemon Server] - 2025-05-16T04:49:39.268Z - [WATCHER]: apps/backend/src/prisma/seed.js was modified
[NX Daemon Server] - 2025-05-16T04:49:39.268Z - [REQUEST]: Responding to the client. File watch changed
[NX Daemon Server] - 2025-05-16T04:49:39.269Z - [WATCHER]: Processing file changes in outputs
[NX Daemon Server] - 2025-05-16T04:49:39.269Z - Time taken for 'changed-projects' 0.15709999995306134ms
[NX Daemon Server] - 2025-05-16T04:49:39.269Z - Done responding to the client File watch changed
[NX Daemon Server] - 2025-05-16T04:49:39.269Z - Handled FILE-WATCH-CHANGED. Handling time: 0. Response time: 1.
[NX Daemon Server] - 2025-05-16T04:49:39.381Z - [REQUEST]: Updated workspace context based on watched changes, recomputing project graph...
[NX Daemon Server] - 2025-05-16T04:49:39.381Z - [REQUEST]: apps/backend/src/prisma/seed.js
[NX Daemon Server] - 2025-05-16T04:49:39.381Z - [REQUEST]: 
[NX Daemon Server] - 2025-05-16T04:49:41.009Z - Established a connection. Number of open connections: 4
[NX Daemon Server] - 2025-05-16T04:49:41.010Z - Established a connection. Number of open connections: 5
[NX Daemon Server] - 2025-05-16T04:49:41.011Z - Time taken for 'hash changed files from watcher' 1.1705999998375773ms
[NX Daemon Server] - 2025-05-16T04:49:41.011Z - Closed a connection. Number of open connections: 4
[NX Daemon Server] - 2025-05-16T04:49:41.013Z - [REQUEST]: Client Request for Project Graph Received
[NX Daemon Server] - 2025-05-16T04:49:41.014Z - [REQUEST]: Responding to the client. project-graph
[NX Daemon Server] - 2025-05-16T04:49:41.017Z - Time taken for 'total for creating and serializing project graph' 1.316300000064075ms
[NX Daemon Server] - 2025-05-16T04:49:41.018Z - Done responding to the client project-graph
[NX Daemon Server] - 2025-05-16T04:49:41.018Z - Handled REQUEST_PROJECT_GRAPH. Handling time: 1. Response time: 4.
[NX Daemon Server] - 2025-05-16T04:49:41.404Z - [REQUEST]: Responding to the client. handleHashTasks
[NX Daemon Server] - 2025-05-16T04:49:41.407Z - Done responding to the client handleHashTasks
[NX Daemon Server] - 2025-05-16T04:49:41.407Z - Handled HASH_TASKS. Handling time: 50. Response time: 3.
[NX Daemon Server] - 2025-05-16T04:49:45.988Z - [WATCHER]: Processing file changes in outputs
[NX Daemon Server] - 2025-05-16T04:49:57.200Z - [WATCHER]: Processing file changes in outputs
[NX Daemon Server] - 2025-05-16T04:49:57.270Z - [REQUEST]: Responding to the client. recordOutputsHash
[NX Daemon Server] - 2025-05-16T04:49:57.271Z - Done responding to the client recordOutputsHash
[NX Daemon Server] - 2025-05-16T04:49:57.271Z - Handled RECORD_OUTPUTS_HASH. Handling time: 1. Response time: 1.
[NX Daemon Server] - 2025-05-16T04:49:58.296Z - [REQUEST]: Responding to the client. PROCESS_IN_BACKGROUND
[NX Daemon Server] - 2025-05-16T04:49:58.299Z - Uploading file artifacts
[NX Daemon Server] - 2025-05-16T04:49:58.299Z - Done uploading file artifacts
[NX Daemon Server] - 2025-05-16T04:49:58.300Z - Sending EndRun request
[NX Daemon Server] - 2025-05-16T04:49:58.304Z - Done responding to the client PROCESS_IN_BACKGROUND
[NX Daemon Server] - 2025-05-16T04:49:58.305Z - Handled PROCESS_IN_BACKGROUND. Handling time: 724. Response time: 9.
[NX Daemon Server] - 2025-05-16T04:49:58.345Z - Closed a connection. Number of open connections: 3
[NX Daemon Server] - 2025-05-16T04:49:58.844Z - Error when sending EndRun
Error: This workspace is more than three days old and is not connected. Workspaces must be connected within 3 days of creation. Claim your workspace at https://cloud.nx.app
    at Timeout._onTimeout (C:\easy-messe\.nx\cache\cloud\2505.11.1.hotfix2\lib\daemon\process-run-end.js:1:908117)
    at processTicksAndRejections (node:internal/process/task_queues:95:5)
[NX Daemon Server] - 2025-05-16T04:50:23.346Z - [WATCHER]: apps/backend/src/prisma/seed.js was modified
[NX Daemon Server] - 2025-05-16T04:50:23.351Z - [REQUEST]: Responding to the client. File watch changed
[NX Daemon Server] - 2025-05-16T04:50:23.352Z - [WATCHER]: Processing file changes in outputs
[NX Daemon Server] - 2025-05-16T04:50:23.352Z - Time taken for 'changed-projects' 0.3572999997995794ms
[NX Daemon Server] - 2025-05-16T04:50:23.352Z - Done responding to the client File watch changed
[NX Daemon Server] - 2025-05-16T04:50:23.352Z - Handled FILE-WATCH-CHANGED. Handling time: 0. Response time: 1.
[NX Daemon Server] - 2025-05-16T04:50:23.454Z - [REQUEST]: Updated workspace context based on watched changes, recomputing project graph...
[NX Daemon Server] - 2025-05-16T04:50:23.455Z - [REQUEST]: apps/backend/src/prisma/seed.js
[NX Daemon Server] - 2025-05-16T04:50:23.455Z - [REQUEST]: 
[NX Daemon Server] - 2025-05-16T04:50:24.992Z - Established a connection. Number of open connections: 4
[NX Daemon Server] - 2025-05-16T04:50:24.992Z - Established a connection. Number of open connections: 5
[NX Daemon Server] - 2025-05-16T04:50:24.993Z - Time taken for 'hash changed files from watcher' 0.7198999999091029ms
[NX Daemon Server] - 2025-05-16T04:50:24.993Z - Closed a connection. Number of open connections: 4
[NX Daemon Server] - 2025-05-16T04:50:24.995Z - [REQUEST]: Client Request for Project Graph Received
[NX Daemon Server] - 2025-05-16T04:50:24.996Z - [REQUEST]: Responding to the client. project-graph
[NX Daemon Server] - 2025-05-16T04:50:25.000Z - Time taken for 'total for creating and serializing project graph' 0.9901000000536442ms
[NX Daemon Server] - 2025-05-16T04:50:25.001Z - Done responding to the client project-graph
[NX Daemon Server] - 2025-05-16T04:50:25.001Z - Handled REQUEST_PROJECT_GRAPH. Handling time: 1. Response time: 5.
[NX Daemon Server] - 2025-05-16T04:50:25.269Z - [REQUEST]: Responding to the client. handleHashTasks
[NX Daemon Server] - 2025-05-16T04:50:25.274Z - Done responding to the client handleHashTasks
[NX Daemon Server] - 2025-05-16T04:50:25.274Z - Handled HASH_TASKS. Handling time: 54. Response time: 5.
[NX Daemon Server] - 2025-05-16T04:50:30.153Z - [WATCHER]: Processing file changes in outputs
[NX Daemon Server] - 2025-05-16T04:50:41.449Z - [WATCHER]: Processing file changes in outputs
[NX Daemon Server] - 2025-05-16T04:50:41.511Z - [REQUEST]: Responding to the client. recordOutputsHash
[NX Daemon Server] - 2025-05-16T04:50:41.511Z - Done responding to the client recordOutputsHash
[NX Daemon Server] - 2025-05-16T04:50:41.511Z - Handled RECORD_OUTPUTS_HASH. Handling time: 1. Response time: 0.
[NX Daemon Server] - 2025-05-16T04:50:42.341Z - [REQUEST]: Responding to the client. PROCESS_IN_BACKGROUND
[NX Daemon Server] - 2025-05-16T04:50:42.343Z - Uploading file artifacts
[NX Daemon Server] - 2025-05-16T04:50:42.344Z - Done uploading file artifacts
[NX Daemon Server] - 2025-05-16T04:50:42.350Z - Sending EndRun request
[NX Daemon Server] - 2025-05-16T04:50:42.357Z - Done responding to the client PROCESS_IN_BACKGROUND
[NX Daemon Server] - 2025-05-16T04:50:42.357Z - Handled PROCESS_IN_BACKGROUND. Handling time: 580. Response time: 16.
[NX Daemon Server] - 2025-05-16T04:50:42.418Z - Closed a connection. Number of open connections: 3
[NX Daemon Server] - 2025-05-16T04:50:42.896Z - Error when sending EndRun
Error: This workspace is more than three days old and is not connected. Workspaces must be connected within 3 days of creation. Claim your workspace at https://cloud.nx.app
    at Timeout._onTimeout (C:\easy-messe\.nx\cache\cloud\2505.11.1.hotfix2\lib\daemon\process-run-end.js:1:908117)
    at processTicksAndRejections (node:internal/process/task_queues:95:5)
[NX Daemon Server] - 2025-05-16T04:51:07.349Z - [WATCHER]: Processing file changes in outputs
[NX Daemon Server] - 2025-05-16T04:51:07.351Z - [WATCHER]: apps/backend/src/prisma/seed.js was modified
[NX Daemon Server] - 2025-05-16T04:51:07.352Z - [REQUEST]: Responding to the client. File watch changed
[NX Daemon Server] - 2025-05-16T04:51:07.352Z - Time taken for 'changed-projects' 0.13379999995231628ms
[NX Daemon Server] - 2025-05-16T04:51:07.352Z - Done responding to the client File watch changed
[NX Daemon Server] - 2025-05-16T04:51:07.352Z - Handled FILE-WATCH-CHANGED. Handling time: 0. Response time: 0.
[NX Daemon Server] - 2025-05-16T04:51:07.461Z - [REQUEST]: Updated workspace context based on watched changes, recomputing project graph...
[NX Daemon Server] - 2025-05-16T04:51:07.461Z - [REQUEST]: apps/backend/src/prisma/seed.js
[NX Daemon Server] - 2025-05-16T04:51:07.461Z - [REQUEST]: 
[NX Daemon Server] - 2025-05-16T04:51:09.801Z - Established a connection. Number of open connections: 4
[NX Daemon Server] - 2025-05-16T04:51:09.801Z - Established a connection. Number of open connections: 5
[NX Daemon Server] - 2025-05-16T04:51:09.854Z - Time taken for 'hash changed files from watcher' 1.0331999999471009ms
[NX Daemon Server] - 2025-05-16T04:51:09.855Z - Closed a connection. Number of open connections: 4
[NX Daemon Server] - 2025-05-16T04:51:09.865Z - [REQUEST]: Client Request for Project Graph Received
[NX Daemon Server] - 2025-05-16T04:51:09.867Z - [REQUEST]: Responding to the client. project-graph
[NX Daemon Server] - 2025-05-16T04:51:09.870Z - Time taken for 'total for creating and serializing project graph' 2.0472999997437ms
[NX Daemon Server] - 2025-05-16T04:51:09.871Z - Done responding to the client project-graph
[NX Daemon Server] - 2025-05-16T04:51:09.871Z - Handled REQUEST_PROJECT_GRAPH. Handling time: 2. Response time: 4.
[NX Daemon Server] - 2025-05-16T04:51:10.482Z - [REQUEST]: Responding to the client. handleHashTasks
[NX Daemon Server] - 2025-05-16T04:51:10.482Z - Done responding to the client handleHashTasks
[NX Daemon Server] - 2025-05-16T04:51:10.483Z - Handled HASH_TASKS. Handling time: 80. Response time: 1.
[NX Daemon Server] - 2025-05-16T04:51:15.593Z - [WATCHER]: Processing file changes in outputs
[NX Daemon Server] - 2025-05-16T04:51:26.881Z - [WATCHER]: Processing file changes in outputs
[NX Daemon Server] - 2025-05-16T04:51:26.944Z - [REQUEST]: Responding to the client. recordOutputsHash
[NX Daemon Server] - 2025-05-16T04:51:26.945Z - Done responding to the client recordOutputsHash
[NX Daemon Server] - 2025-05-16T04:51:26.945Z - Handled RECORD_OUTPUTS_HASH. Handling time: 2. Response time: 1.
[NX Daemon Server] - 2025-05-16T04:51:28.121Z - [REQUEST]: Responding to the client. PROCESS_IN_BACKGROUND
[NX Daemon Server] - 2025-05-16T04:51:28.126Z - Uploading file artifacts
[NX Daemon Server] - 2025-05-16T04:51:28.128Z - Done uploading file artifacts
[NX Daemon Server] - 2025-05-16T04:51:28.130Z - Sending EndRun request
[NX Daemon Server] - 2025-05-16T04:51:28.146Z - Done responding to the client PROCESS_IN_BACKGROUND
[NX Daemon Server] - 2025-05-16T04:51:28.146Z - Handled PROCESS_IN_BACKGROUND. Handling time: 942. Response time: 25.
[NX Daemon Server] - 2025-05-16T04:51:28.249Z - Closed a connection. Number of open connections: 3
[NX Daemon Server] - 2025-05-16T04:51:28.650Z - Error when sending EndRun
Error: This workspace is more than three days old and is not connected. Workspaces must be connected within 3 days of creation. Claim your workspace at https://cloud.nx.app
    at Timeout._onTimeout (C:\easy-messe\.nx\cache\cloud\2505.11.1.hotfix2\lib\daemon\process-run-end.js:1:908117)
    at processTicksAndRejections (node:internal/process/task_queues:95:5)
[NX Daemon Server] - 2025-05-16T04:51:36.404Z - [WATCHER]: apps/backend/src/parish/parish.service.ts was modified
[NX Daemon Server] - 2025-05-16T04:51:36.404Z - [REQUEST]: Responding to the client. File watch changed
[NX Daemon Server] - 2025-05-16T04:51:36.405Z - Time taken for 'changed-projects' 0.12360000004991889ms
[NX Daemon Server] - 2025-05-16T04:51:36.405Z - [WATCHER]: Processing file changes in outputs
[NX Daemon Server] - 2025-05-16T04:51:36.406Z - Done responding to the client File watch changed
[NX Daemon Server] - 2025-05-16T04:51:36.406Z - Handled FILE-WATCH-CHANGED. Handling time: 0. Response time: 2.
[NX Daemon Server] - 2025-05-16T04:51:36.512Z - [REQUEST]: Updated workspace context based on watched changes, recomputing project graph...
[NX Daemon Server] - 2025-05-16T04:51:36.513Z - [REQUEST]: apps/backend/src/parish/parish.service.ts
[NX Daemon Server] - 2025-05-16T04:51:36.513Z - [REQUEST]: 
[NX Daemon Server] - 2025-05-16T04:51:38.394Z - Established a connection. Number of open connections: 4
[NX Daemon Server] - 2025-05-16T04:51:38.395Z - Established a connection. Number of open connections: 5
[NX Daemon Server] - 2025-05-16T04:51:38.396Z - Time taken for 'hash changed files from watcher' 0.7933999998494983ms
[NX Daemon Server] - 2025-05-16T04:51:38.397Z - Closed a connection. Number of open connections: 4
[NX Daemon Server] - 2025-05-16T04:51:38.399Z - [REQUEST]: Client Request for Project Graph Received
[NX Daemon Server] - 2025-05-16T04:51:38.400Z - [REQUEST]: Responding to the client. project-graph
[NX Daemon Server] - 2025-05-16T04:51:38.403Z - Time taken for 'total for creating and serializing project graph' 1.1450000000186265ms
[NX Daemon Server] - 2025-05-16T04:51:38.404Z - Done responding to the client project-graph
[NX Daemon Server] - 2025-05-16T04:51:38.404Z - Handled REQUEST_PROJECT_GRAPH. Handling time: 1. Response time: 4.
[NX Daemon Server] - 2025-05-16T04:51:38.716Z - [REQUEST]: Responding to the client. handleHashTasks
[NX Daemon Server] - 2025-05-16T04:51:38.716Z - Done responding to the client handleHashTasks
[NX Daemon Server] - 2025-05-16T04:51:38.716Z - Handled HASH_TASKS. Handling time: 45. Response time: 0.
[NX Daemon Server] - 2025-05-16T04:51:42.822Z - [WATCHER]: Processing file changes in outputs
[NX Daemon Server] - 2025-05-16T04:51:53.641Z - [WATCHER]: Processing file changes in outputs
[NX Daemon Server] - 2025-05-16T04:51:53.698Z - [REQUEST]: Responding to the client. recordOutputsHash
[NX Daemon Server] - 2025-05-16T04:51:53.699Z - Done responding to the client recordOutputsHash
[NX Daemon Server] - 2025-05-16T04:51:53.699Z - Handled RECORD_OUTPUTS_HASH. Handling time: 1. Response time: 1.
[NX Daemon Server] - 2025-05-16T04:51:54.467Z - [REQUEST]: Responding to the client. PROCESS_IN_BACKGROUND
[NX Daemon Server] - 2025-05-16T04:51:54.467Z - Done responding to the client PROCESS_IN_BACKGROUND
[NX Daemon Server] - 2025-05-16T04:51:54.467Z - Handled PROCESS_IN_BACKGROUND. Handling time: 535. Response time: 0.
[NX Daemon Server] - 2025-05-16T04:51:54.470Z - Uploading file artifacts
[NX Daemon Server] - 2025-05-16T04:51:54.471Z - Done uploading file artifacts
[NX Daemon Server] - 2025-05-16T04:51:54.472Z - Sending EndRun request
[NX Daemon Server] - 2025-05-16T04:51:54.576Z - Closed a connection. Number of open connections: 3
[NX Daemon Server] - 2025-05-16T04:51:55.005Z - Error when sending EndRun
Error: This workspace is more than three days old and is not connected. Workspaces must be connected within 3 days of creation. Claim your workspace at https://cloud.nx.app
    at Timeout._onTimeout (C:\easy-messe\.nx\cache\cloud\2505.11.1.hotfix2\lib\daemon\process-run-end.js:1:908117)
    at processTicksAndRejections (node:internal/process/task_queues:95:5)
[NX Daemon Server] - 2025-05-16T04:52:04.389Z - [WATCHER]: apps/backend/src/parish/parish.service.ts was modified
[NX Daemon Server] - 2025-05-16T04:52:04.390Z - [REQUEST]: Responding to the client. File watch changed
[NX Daemon Server] - 2025-05-16T04:52:04.390Z - [WATCHER]: Processing file changes in outputs
[NX Daemon Server] - 2025-05-16T04:52:04.391Z - Time taken for 'changed-projects' 0.18220000015571713ms
[NX Daemon Server] - 2025-05-16T04:52:04.391Z - Done responding to the client File watch changed
[NX Daemon Server] - 2025-05-16T04:52:04.391Z - Handled FILE-WATCH-CHANGED. Handling time: 0. Response time: 1.
[NX Daemon Server] - 2025-05-16T04:52:04.500Z - [REQUEST]: Updated workspace context based on watched changes, recomputing project graph...
[NX Daemon Server] - 2025-05-16T04:52:04.500Z - [REQUEST]: apps/backend/src/parish/parish.service.ts
[NX Daemon Server] - 2025-05-16T04:52:04.500Z - [REQUEST]: 
[NX Daemon Server] - 2025-05-16T04:52:04.806Z - Time taken for 'hash changed files from watcher' 1.0868000001646578ms
[NX Daemon Server] - 2025-05-16T04:52:06.793Z - Established a connection. Number of open connections: 4
[NX Daemon Server] - 2025-05-16T04:52:06.795Z - Closed a connection. Number of open connections: 3
[NX Daemon Server] - 2025-05-16T04:52:06.797Z - Established a connection. Number of open connections: 4
[NX Daemon Server] - 2025-05-16T04:52:06.806Z - [REQUEST]: Client Request for Project Graph Received
[NX Daemon Server] - 2025-05-16T04:52:06.807Z - [REQUEST]: Responding to the client. project-graph
[NX Daemon Server] - 2025-05-16T04:52:06.810Z - Time taken for 'total for creating and serializing project graph' 1.1225999998860061ms
[NX Daemon Server] - 2025-05-16T04:52:06.811Z - Done responding to the client project-graph
[NX Daemon Server] - 2025-05-16T04:52:06.811Z - Handled REQUEST_PROJECT_GRAPH. Handling time: 1. Response time: 4.
[NX Daemon Server] - 2025-05-16T04:52:07.145Z - [REQUEST]: Responding to the client. handleHashTasks
[NX Daemon Server] - 2025-05-16T04:52:07.146Z - Done responding to the client handleHashTasks
[NX Daemon Server] - 2025-05-16T04:52:07.146Z - Handled HASH_TASKS. Handling time: 53. Response time: 1.
[NX Daemon Server] - 2025-05-16T04:52:08.160Z - [REQUEST]: Responding to the client. outputsHashesMatch
[NX Daemon Server] - 2025-05-16T04:52:08.160Z - Done responding to the client outputsHashesMatch
[NX Daemon Server] - 2025-05-16T04:52:08.160Z - Handled OUTPUTS_HASHES_MATCH. Handling time: 2. Response time: 0.
[NX Daemon Server] - 2025-05-16T04:52:08.165Z - [REQUEST]: Responding to the client. recordOutputsHash
[NX Daemon Server] - 2025-05-16T04:52:08.166Z - Done responding to the client recordOutputsHash
[NX Daemon Server] - 2025-05-16T04:52:08.166Z - Handled RECORD_OUTPUTS_HASH. Handling time: 1. Response time: 1.
[NX Daemon Server] - 2025-05-16T04:52:09.110Z - [REQUEST]: Responding to the client. PROCESS_IN_BACKGROUND
[NX Daemon Server] - 2025-05-16T04:52:09.111Z - Uploading file artifacts
[NX Daemon Server] - 2025-05-16T04:52:09.111Z - Done uploading file artifacts
[NX Daemon Server] - 2025-05-16T04:52:09.111Z - Sending EndRun request
[NX Daemon Server] - 2025-05-16T04:52:09.113Z - Done responding to the client PROCESS_IN_BACKGROUND
[NX Daemon Server] - 2025-05-16T04:52:09.113Z - Handled PROCESS_IN_BACKGROUND. Handling time: 619. Response time: 3.
[NX Daemon Server] - 2025-05-16T04:52:09.134Z - Closed a connection. Number of open connections: 3
[NX Daemon Server] - 2025-05-16T04:52:09.595Z - Error when sending EndRun
Error: This workspace is more than three days old and is not connected. Workspaces must be connected within 3 days of creation. Claim your workspace at https://cloud.nx.app
    at Timeout._onTimeout (C:\easy-messe\.nx\cache\cloud\2505.11.1.hotfix2\lib\daemon\process-run-end.js:1:908117)
    at processTicksAndRejections (node:internal/process/task_queues:95:5)
[NX Daemon Server] - 2025-05-16T04:52:38.228Z - [WATCHER]: Processing file changes in outputs
[NX Daemon Server] - 2025-05-16T04:52:38.233Z - [WATCHER]: apps/backend/src/parish/dto/parishData.dto.ts was modified
[NX Daemon Server] - 2025-05-16T04:52:38.234Z - [REQUEST]: Responding to the client. File watch changed
[NX Daemon Server] - 2025-05-16T04:52:38.234Z - Time taken for 'changed-projects' 0.32519999984651804ms
[NX Daemon Server] - 2025-05-16T04:52:38.235Z - Done responding to the client File watch changed
[NX Daemon Server] - 2025-05-16T04:52:38.235Z - Handled FILE-WATCH-CHANGED. Handling time: 0. Response time: 1.
[NX Daemon Server] - 2025-05-16T04:52:38.345Z - [REQUEST]: Updated workspace context based on watched changes, recomputing project graph...
[NX Daemon Server] - 2025-05-16T04:52:38.345Z - [REQUEST]: apps/backend/src/parish/dto/parishData.dto.ts
[NX Daemon Server] - 2025-05-16T04:52:38.345Z - [REQUEST]: 
[NX Daemon Server] - 2025-05-16T04:52:40.622Z - Established a connection. Number of open connections: 4
[NX Daemon Server] - 2025-05-16T04:52:40.623Z - Established a connection. Number of open connections: 5
[NX Daemon Server] - 2025-05-16T04:52:40.624Z - Time taken for 'hash changed files from watcher' 2.428600000217557ms
[NX Daemon Server] - 2025-05-16T04:52:40.624Z - Closed a connection. Number of open connections: 4
[NX Daemon Server] - 2025-05-16T04:52:40.626Z - [REQUEST]: Client Request for Project Graph Received
[NX Daemon Server] - 2025-05-16T04:52:40.629Z - [REQUEST]: Responding to the client. project-graph
[NX Daemon Server] - 2025-05-16T04:52:40.635Z - Time taken for 'total for creating and serializing project graph' 1.3412999999709427ms
[NX Daemon Server] - 2025-05-16T04:52:40.635Z - Done responding to the client project-graph
[NX Daemon Server] - 2025-05-16T04:52:40.635Z - Handled REQUEST_PROJECT_GRAPH. Handling time: 3. Response time: 6.
[NX Daemon Server] - 2025-05-16T04:52:40.985Z - [REQUEST]: Responding to the client. handleHashTasks
[NX Daemon Server] - 2025-05-16T04:52:40.985Z - Done responding to the client handleHashTasks
[NX Daemon Server] - 2025-05-16T04:52:40.986Z - Handled HASH_TASKS. Handling time: 60. Response time: 1.
[NX Daemon Server] - 2025-05-16T04:52:45.389Z - [WATCHER]: Processing file changes in outputs
[NX Daemon Server] - 2025-05-16T04:52:59.623Z - [WATCHER]: Processing file changes in outputs
[NX Daemon Server] - 2025-05-16T04:53:00.000Z - [REQUEST]: Responding to the client. recordOutputsHash
[NX Daemon Server] - 2025-05-16T04:53:00.000Z - Done responding to the client recordOutputsHash
[NX Daemon Server] - 2025-05-16T04:53:00.001Z - Handled RECORD_OUTPUTS_HASH. Handling time: 2. Response time: 1.
[NX Daemon Server] - 2025-05-16T04:53:01.050Z - [REQUEST]: Responding to the client. PROCESS_IN_BACKGROUND
[NX Daemon Server] - 2025-05-16T04:53:01.052Z - Uploading file artifacts
[NX Daemon Server] - 2025-05-16T04:53:01.052Z - Done uploading file artifacts
[NX Daemon Server] - 2025-05-16T04:53:01.053Z - Sending EndRun request
[NX Daemon Server] - 2025-05-16T04:53:01.066Z - Done responding to the client PROCESS_IN_BACKGROUND
[NX Daemon Server] - 2025-05-16T04:53:01.066Z - Handled PROCESS_IN_BACKGROUND. Handling time: 707. Response time: 16.
[NX Daemon Server] - 2025-05-16T04:53:01.103Z - Closed a connection. Number of open connections: 3
[NX Daemon Server] - 2025-05-16T04:53:01.575Z - Error when sending EndRun
Error: This workspace is more than three days old and is not connected. Workspaces must be connected within 3 days of creation. Claim your workspace at https://cloud.nx.app
    at Timeout._onTimeout (C:\easy-messe\.nx\cache\cloud\2505.11.1.hotfix2\lib\daemon\process-run-end.js:1:908117)
    at processTicksAndRejections (node:internal/process/task_queues:95:5)
[NX Daemon Server] - 2025-05-16T04:53:02.975Z - [WATCHER]: Processing file changes in outputs
[NX Daemon Server] - 2025-05-16T04:53:02.978Z - [WATCHER]: apps/backend/src/parish/dto/signupParish.dto.ts was modified
[NX Daemon Server] - 2025-05-16T04:53:02.979Z - [REQUEST]: Responding to the client. File watch changed
[NX Daemon Server] - 2025-05-16T04:53:02.979Z - Time taken for 'changed-projects' 0.16589999990537763ms
[NX Daemon Server] - 2025-05-16T04:53:02.979Z - Done responding to the client File watch changed
[NX Daemon Server] - 2025-05-16T04:53:02.980Z - Handled FILE-WATCH-CHANGED. Handling time: 0. Response time: 1.
[NX Daemon Server] - 2025-05-16T04:53:03.133Z - [REQUEST]: Updated workspace context based on watched changes, recomputing project graph...
[NX Daemon Server] - 2025-05-16T04:53:03.133Z - [REQUEST]: apps/backend/src/parish/dto/signupParish.dto.ts
[NX Daemon Server] - 2025-05-16T04:53:03.134Z - [REQUEST]: 
[NX Daemon Server] - 2025-05-16T04:53:05.646Z - Established a connection. Number of open connections: 4
[NX Daemon Server] - 2025-05-16T04:53:05.646Z - Established a connection. Number of open connections: 5
[NX Daemon Server] - 2025-05-16T04:53:05.647Z - Time taken for 'hash changed files from watcher' 7.26410000026226ms
[NX Daemon Server] - 2025-05-16T04:53:05.648Z - Closed a connection. Number of open connections: 4
[NX Daemon Server] - 2025-05-16T04:53:05.651Z - [REQUEST]: Client Request for Project Graph Received
[NX Daemon Server] - 2025-05-16T04:53:05.652Z - [REQUEST]: Responding to the client. project-graph
[NX Daemon Server] - 2025-05-16T04:53:05.657Z - Time taken for 'total for creating and serializing project graph' 1.415599999949336ms
[NX Daemon Server] - 2025-05-16T04:53:05.657Z - Done responding to the client project-graph
[NX Daemon Server] - 2025-05-16T04:53:05.657Z - Handled REQUEST_PROJECT_GRAPH. Handling time: 2. Response time: 5.
[NX Daemon Server] - 2025-05-16T04:53:05.955Z - [REQUEST]: Responding to the client. handleHashTasks
[NX Daemon Server] - 2025-05-16T04:53:05.955Z - Done responding to the client handleHashTasks
[NX Daemon Server] - 2025-05-16T04:53:05.955Z - Handled HASH_TASKS. Handling time: 52. Response time: 0.
[NX Daemon Server] - 2025-05-16T04:53:10.517Z - [WATCHER]: Processing file changes in outputs
[NX Daemon Server] - 2025-05-16T04:53:23.578Z - [WATCHER]: Processing file changes in outputs
[NX Daemon Server] - 2025-05-16T04:53:23.610Z - [REQUEST]: Responding to the client. recordOutputsHash
[NX Daemon Server] - 2025-05-16T04:53:23.610Z - Done responding to the client recordOutputsHash
[NX Daemon Server] - 2025-05-16T04:53:23.610Z - Handled RECORD_OUTPUTS_HASH. Handling time: 1. Response time: 0.
[NX Daemon Server] - 2025-05-16T04:53:25.248Z - [REQUEST]: Responding to the client. PROCESS_IN_BACKGROUND
[NX Daemon Server] - 2025-05-16T04:53:25.249Z - Uploading file artifacts
[NX Daemon Server] - 2025-05-16T04:53:25.253Z - Done uploading file artifacts
[NX Daemon Server] - 2025-05-16T04:53:25.254Z - Sending EndRun request
[NX Daemon Server] - 2025-05-16T04:53:25.261Z - Done responding to the client PROCESS_IN_BACKGROUND
[NX Daemon Server] - 2025-05-16T04:53:25.261Z - Handled PROCESS_IN_BACKGROUND. Handling time: 1240. Response time: 13.
[NX Daemon Server] - 2025-05-16T04:53:25.515Z - Closed a connection. Number of open connections: 3
[NX Daemon Server] - 2025-05-16T04:53:25.930Z - Error when sending EndRun
Error: This workspace is more than three days old and is not connected. Workspaces must be connected within 3 days of creation. Claim your workspace at https://cloud.nx.app
    at Timeout._onTimeout (C:\easy-messe\.nx\cache\cloud\2505.11.1.hotfix2\lib\daemon\process-run-end.js:1:908117)
    at processTicksAndRejections (node:internal/process/task_queues:95:5)
[NX Daemon Server] - 2025-05-16T04:57:33.533Z - [WATCHER]: apps/easy-messe/components/OfferMass/LetOfferMass.tsx was modified
[NX Daemon Server] - 2025-05-16T04:57:33.535Z - [WATCHER]: Processing file changes in outputs
[NX Daemon Server] - 2025-05-16T04:57:33.535Z - Time taken for 'changed-projects' 0.3782999999821186ms
[NX Daemon Server] - 2025-05-16T04:57:33.638Z - [REQUEST]: Updated workspace context based on watched changes, recomputing project graph...
[NX Daemon Server] - 2025-05-16T04:57:33.638Z - [REQUEST]: apps/easy-messe/components/OfferMass/LetOfferMass.tsx
[NX Daemon Server] - 2025-05-16T04:57:33.638Z - [REQUEST]: 
[NX Daemon Server] - 2025-05-16T04:57:35.218Z - Time taken for 'hash changed files from watcher' 0.7254000003449619ms
